"date","year","month","day","weeknr","total_fahrzeug","total_oev","total_fuss","total_velo","retail_and_recreation_percent_change_from_baseline","grocery_and_pharmacy_percent_change_from_baseline","parks_percent_change_from_baseline","transit_stations_percent_change_from_baseline","workplaces_percent_change_from_baseline","residential_percent_change_from_baseline","covid_cases_bs","pm25","temperature","precipitation","total_transport"
2014-12-29,2014,12,29,1,755854,,,,,,,,,,,,3.8,49.2,755854
2015-01-05,2015,1,5,2,1870900,,248886,208031,,,,,,,,,3.1,67.9,2327817
2015-01-12,2015,1,12,3,1935041,,237961,204939,,,,,,,,,3.1,67.9,2377941
2015-01-19,2015,1,19,4,1933862,,231793,199398,,,,,,,,,3.1,67.9,2365053
2015-01-26,2015,1,26,5,1941044,,220114,186702,,,,,,,,,3.1,67.9,2347860
2015-02-02,2015,2,2,6,1995734,,248603,190017,,,,,,,,,1.6,25.4,2434354
2015-02-09,2015,2,9,7,2000931,,271989,203556,,,,,,,,,1.6,25.4,2476476
2015-02-16,2015,2,16,8,1905744,,249191,178667,,,,,,,,,1.6,25.4,2333602
2015-02-23,2015,2,23,9,1915484,,418760,150461,,,,,,,,,1.6,25.4,2484705
2015-03-02,2015,3,2,10,2033637,,287561,238374,,,,,,,,,7.4,31.3,2559572
2015-03-09,2015,3,9,11,2028485,,306753,286015,,,,,,,,,7.4,31.3,2621253
2015-03-16,2015,3,16,12,2103519,,310726,312955,,,,,,,,,7.4,31.3,2727200
2015-03-23,2015,3,23,13,2086070,,276894,287802,,,,,,,,,7.4,31.3,2650766
2015-03-30,2015,3,30,14,1829636,,215143,157402,,,,,,,,,7.4,31.3,2202181
2015-04-06,2015,4,6,15,1838942,,295209,237602,,,,,,,,,11.2,87.6,2371753
2015-04-13,2015,4,13,16,2048249,,298989,305195,,,,,,,,,11.2,87.6,2652433
2015-04-20,2015,4,20,17,2050607,,307323,325991,,,,,,,,,11.2,87.6,2683921
2015-04-27,2015,4,27,18,1931670,,243267,221233,,,,,,,,,11.2,87.6,2396170
2015-05-04,2015,5,4,19,2074470,,299142,302400,,,,,,,,,15,92.1,2676012
2015-05-11,2015,5,11,20,1804527,,266912,260438,,,,,,,,,15,92.1,2331877
2015-05-18,2015,5,18,21,1951682,,272600,294192,,,,,,,,,15,92.1,2518474
2015-05-25,2015,5,25,22,1862616,,279259,289312,,,,,,,,,15,92.1,2431187
2015-06-01,2015,6,1,23,1933439,,294016,352865,,,,,,,,,18.7,94.5,2580320
2015-06-08,2015,6,8,24,1977080,,281801,322970,,,,,,,,,18.7,94.5,2581851
2015-06-15,2015,6,15,25,2060240,,289583,269442,,,,,,,,,18.7,94.5,2619265
2015-06-22,2015,6,22,26,1931278,,314290,336274,,,,,,,,,18.7,94.5,2581842
2015-06-29,2015,6,29,27,1878975,,265662,349811,,,,,,,,,18.7,94.5,2494448
2015-07-06,2015,7,6,28,1768713,,252038,283816,,,,,,,,,23.2,22.9,2304567
2015-07-13,2015,7,13,29,1707315,,265544,286924,,,,,,,,,23.2,22.9,2259783
2015-07-20,2015,7,20,30,1788913,,292236,274850,,,,,,,,,23.2,22.9,2355999
2015-07-27,2015,7,27,31,1758633,,253439,258756,,,,,,,,,23.2,22.9,2270828
2015-08-03,2015,8,3,32,1785617,,240181,287295,,,,,,,,,21,73.7,2313093
2015-08-10,2015,8,10,33,1946065,,245468,275353,,,,,,,,,21,73.7,2466886
2015-08-17,2015,8,17,34,1985095,,272840,338307,,,,,,,,,21,73.7,2596242
2015-08-24,2015,8,24,35,2021119,,261542,336869,,,,,,,,,21,73.7,2619530
2015-08-31,2015,8,31,36,2029213,,263244,333263,,,,,,,,,21,73.7,2625720
2015-09-07,2015,9,7,37,2010988,,268904,337738,,,,,,,,,14.4,49,2617630
2015-09-14,2015,9,14,38,2037934,,267231,317502,,,,,,,,,14.4,49,2622667
2015-09-21,2015,9,21,39,2055729,,287254,327099,,,,,,,,,14.4,49,2670082
2015-09-28,2015,9,28,40,2080368,,297985,330885,,,,,,,,,14.4,49,2709238
2015-10-05,2015,10,5,41,1971960,,250697,245397,,,,,,,,,10.2,36,2468054
2015-10-12,2015,10,12,42,2007796,,259668,234464,,,,,,,,,10.2,36,2501928
2015-10-19,2015,10,19,43,2163812,,302524,308565,,,,,,,,,10.2,36,2774901
2015-10-26,2015,10,26,44,2209562,,260091,318431,,,,,,,,,10.2,36,2788084
2015-11-02,2015,11,2,45,2155305,,265920,296270,,,,,,,,,8.7,48.9,2717495
2015-11-09,2015,11,9,46,2147309,,255728,292570,,,,,,,,,8.7,48.9,2695607
2015-11-16,2015,11,16,47,2135058,,244465,254084,,,,,,,,,8.7,48.9,2633607
2015-11-23,2015,11,23,48,2200495,,257712,234341,,,,,,,,,8.7,48.9,2692548
2015-11-30,2015,11,30,49,2232705,,292222,251599,,,,,,,,,8.7,48.9,2776526
2015-12-07,2015,12,7,50,2258898,,299569,251068,,,,,,,,,5.5,16,2809535
2015-12-14,2015,12,14,51,2275765,,305280,247137,,,,,,,,,5.5,16,2828182
2015-12-21,2015,12,21,52,1815108,,237854,165179,,,,,,,,,5.5,16,2218141
2015-12-28,2015,12,28,53,1605067,,224997,120501,,,,,,,,,5.5,16,1950565
2016-01-04,2016,1,4,1,2122354,,221857,227553,,,,,,,,,3.7,131.9,2571764
2016-01-11,2016,1,11,2,2251866,,232468,234335,,,,,,,,,3.7,131.9,2718669
2016-01-18,2016,1,18,3,2204464,,230571,227292,,,,,,,,,3.7,131.9,2662327
2016-01-25,2016,1,25,4,2277459,,260981,273516,,,,,,,,,3.7,131.9,2811956
2016-02-01,2016,2,1,5,2268322,,252748,265375,,,,,,,,,5.2,86.1,2786445
2016-02-08,2016,2,8,6,2146956,,224574,190036,,,,,,,,,5.2,86.1,2561566
2016-02-15,2016,2,15,7,1997505,,346867,192013,,,,,,,,,5.2,86.1,2536385
2016-02-22,2016,2,22,8,2283105,,251647,260659,,,,,,,,,5.2,86.1,2795411
2016-02-29,2016,2,29,9,2286123,,280256,246343,,,,,,,,,5.2,86.1,2812722
2016-03-07,2016,3,7,10,2278040,,300826,279442,,,,,,,,,5.7,37.8,2858308
2016-03-14,2016,3,14,11,2353879,,341143,304867,,,,,,,,,5.7,37.8,2999889
2016-03-21,2016,3,21,12,2074728,,294294,232322,,,,,,,,,5.7,37.8,2601344
2016-03-28,2016,3,28,13,2083648,,285441,261387,,,,,,,,,5.7,37.8,2630476
2016-04-04,2016,4,4,14,2325130,,301071,338834,,,,,,,,,9.7,144.8,2965035
2016-04-11,2016,4,11,15,2274700,,300793,310450,,,,,,,,,9.7,144.8,2885943
2016-04-18,2016,4,18,16,2282986,,324852,349872,,,,,,,,,9.7,144.8,2957710
2016-04-25,2016,4,25,17,2331738,,295358,308615,,,,,,,,,9.7,144.8,2935711
2016-05-02,2016,5,2,18,1994831,,339583,337406,,,,,,,,,13.9,154.7,2671820
2016-05-09,2016,5,9,19,2170443,,290772,322889,,,,,,,,,13.9,154.7,2784104
2016-05-16,2016,5,16,20,2059339,,355454,352042,,,,,,,,,13.9,154.7,2766835
2016-05-23,2016,5,23,21,2244561,,305053,367803,,,,,,,,,13.9,154.7,2917417
2016-05-30,2016,5,30,22,2234091,,323328,336437,,,,,,,,,13.9,154.7,2893856
2016-06-06,2016,6,6,23,2174646,,308702,367645,,,,,,,,,17.7,176.2,2850993
2016-06-13,2016,6,13,24,2260530,,341826,296332,,,,,,,,,17.7,176.2,2898688
2016-06-20,2016,6,20,25,2154553,,316158,407395,,,,,,,,,17.7,176.2,2878106
2016-06-27,2016,6,27,26,2157772,,313566,410620,,,,,,,,,17.7,176.2,2881958
2016-07-04,2016,7,4,27,1989477,,308015,400704,,,,,,,,,20.7,35.7,2698196
2016-07-11,2016,7,11,28,1960579,,296627,315495,,,,,,,,,20.7,35.7,2572701
2016-07-18,2016,7,18,29,1880670,,289353,345079,,,,,,,,,20.7,35.7,2515102
2016-07-25,2016,7,25,30,1859965,,309573,344400,,,,,,,,,20.7,35.7,2513938
2016-08-01,2016,8,1,31,1796611,,280023,309014,,,,,,,,,20.3,69.2,2385648
2016-08-08,2016,8,8,32,1928095,,341045,375673,,,,,,,,,20.3,69.2,2644813
2016-08-15,2016,8,15,33,1958990,,330536,375654,,,,,,,,,20.3,69.2,2665180
2016-08-22,2016,8,22,34,1937429,,345465,438431,,,,,,,,,20.3,69.2,2721325
2016-08-29,2016,8,29,35,1995725,,332902,404718,,,,,,,,,20.3,69.2,2733345
2016-09-05,2016,9,5,36,1990754,,343846,363640,,,,,,,,,17.8,44.7,2698240
2016-09-12,2016,9,12,37,1974425,,320737,341569,,,,,,,,,17.8,44.7,2636731
2016-09-19,2016,9,19,38,2022597,,361722,358308,,,,,,,,,17.8,44.7,2742627
2016-09-26,2016,9,26,39,2062957,,349798,342316,,,,,,,,,17.8,44.7,2755071
2016-10-03,2016,10,3,40,1989459,,317180,264026,,,,,,,,,9.6,57.7,2570665
2016-10-10,2016,10,10,41,2066013,,322307,261417,,,,,,,,,9.6,57.7,2649737
2016-10-17,2016,10,17,42,2201926,,337771,291821,,,,,,,,,9.6,57.7,2831518
2016-10-24,2016,10,24,43,2282080,,426599,297183,,,,,,,,,9.6,57.7,3005862
2016-10-31,2016,10,31,44,2186420,,443100,302841,,,,,,,,,9.6,57.7,2932361
2016-11-07,2016,11,7,45,2196750,,383749,261963,,,,,,,,,5.9,54.7,2842462
2016-11-14,2016,11,14,46,2190664,,355683,269228,,,,,,,,,5.9,54.7,2815575
2016-11-21,2016,11,21,47,2179161,,378661,288881,,,,,,,,,5.9,54.7,2846703
2016-11-28,2016,11,28,48,2215448,,383805,268803,,,,,,,,,5.9,54.7,2868056
2016-12-05,2016,12,5,49,2236882,,398722,261433,,,,,,,,,1,3.3,2897037
2016-12-12,2016,12,12,50,2230237,,392358,258119,,,,,,,,,1,3.3,2880714
2016-12-19,2016,12,19,51,2105026,,339067,217872,,,,,,,,,1,3.3,2661965
2016-12-26,2016,12,26,52,1584418,,317458,120381,,,,,,,,,1,3.3,2022257
2017-01-02,2017,1,2,1,1811096,,296416,165367,,,,,,,,,-1.7,38.5,2272879
2017-01-09,2017,1,9,2,1938639,,324539,184492,,,,,,,,,-1.7,38.5,2447670
2017-01-16,2017,1,16,3,2004615,,306469,189146,,,,,,,,,-1.7,38.5,2500230
2017-01-23,2017,1,23,4,2048958,,306766,196705,,,,,,,,,-1.7,38.5,2552429
2017-01-30,2017,1,30,5,1915261,,316692,220046,,,,,,,,,-1.7,38.5,2451999
2017-02-06,2017,2,6,6,1856461,,335665,232235,,,,,,,,,5.5,59,2424361
2017-02-13,2017,2,13,7,1873710,,367370,269501,,,,,,,,,5.5,59,2510581
2017-02-20,2017,2,20,8,1873193,,352636,280371,,,,,,,,,5.5,59,2506200
2017-02-27,2017,2,27,9,1823959,,345064,228691,,,,,,,,,5.5,59,2397714
2017-03-06,2017,3,6,10,1682500,,535537,214739,,,,,,,,,9.6,36.4,2432776
2017-03-13,2017,3,13,11,1895015,,396087,334297,,,,,,,,,9.6,36.4,2625399
2017-03-20,2017,3,20,12,2103912,,403968,336512,,,,,,,,,9.6,36.4,2844392
2017-03-27,2017,3,27,13,2168460,,424168,377921,,,,,,,,,9.6,36.4,2970549
2017-04-03,2017,4,3,14,2168749,,418435,384377,,,,,,,,,9.9,66.2,2971561
2017-04-10,2017,4,10,15,1881937,,347208,291163,,,,,,,,,9.9,66.2,2520308
2017-04-17,2017,4,17,16,1914807,,336206,260787,,,,,,,,,9.9,66.2,2511800
2017-04-24,2017,4,24,17,2209707,,384404,303205,,,,,,,,,9.9,66.2,2897316
2017-05-01,2017,5,1,18,1931107,,358311,288613,,,,,,,,,15.8,112.7,2578031
2017-05-08,2017,5,8,19,2068940,,399550,352673,,,,,,,,,15.8,112.7,2821163
2017-05-15,2017,5,15,20,2019266,,420445,396337,,,,,,,,,15.8,112.7,2836048
2017-05-22,2017,5,22,21,1814752,,400228,386304,,,,,,,,,15.8,112.7,2601284
2017-05-29,2017,5,29,22,2024198,,389041,415129,,,,,,,,,15.8,112.7,2828368
2017-06-05,2017,6,5,23,1898108,,381784,386728,,,,,,,,,20.9,32,2666620
2017-06-12,2017,6,12,24,2067294,,453032,466422,,,,,,,,,20.9,32,2986748
2017-06-19,2017,6,19,25,2012416,,501896,474939,,,,,,,,,20.9,32,2989251
2017-06-26,2017,6,26,26,2017510,,448908,388535,,,,,,,,,20.9,32,2854953
2017-07-03,2017,7,3,27,1820048,,413971,378972,,,,,,,,,20.9,71.3,2612991
2017-07-10,2017,7,10,28,1793736,,388307,330654,,,,,,,,,20.9,71.3,2512697
2017-07-17,2017,7,17,29,1743233,,393947,331339,,,,,,,,,20.9,71.3,2468519
2017-07-24,2017,7,24,30,1772032,,379921,276714,,,,,,,,,20.9,71.3,2428667
2017-07-31,2017,7,31,31,1637176,,322571,320067,,,,,,,,,20.9,71.3,2279814
2017-08-07,2017,8,7,32,1875836,,374165,316839,,,,,,,,,20.5,100.2,2566840
2017-08-14,2017,8,14,33,1927454,,376590,422545,,,,,,,,,20.5,100.2,2726589
2017-08-21,2017,8,21,34,1885917,,369828,437861,,,,,,,,,20.5,100.2,2693606
2017-08-28,2017,8,28,35,1960594,,355239,374096,,,,,,,,,20.5,100.2,2689929
2017-09-04,2017,9,4,36,1790876,,364679,377171,,,,,,,,,14.3,42.1,2532726
2017-09-11,2017,9,11,37,1790193,,387930,358849,,,,,,,,,14.3,42.1,2536972
2017-09-18,2017,9,18,38,1742539,,446533,385349,,,,,,,,,14.3,42.1,2574421
2017-09-25,2017,9,25,39,1764356,,431798,382699,,,,,,,,,14.3,42.1,2578853
2017-10-02,2017,10,2,40,1634621,,384664,275713,,,,,,,,,12.1,33.6,2294998
2017-10-09,2017,10,9,41,1652188,,409942,329448,,,,,,,,,12.1,33.6,2391578
2017-10-16,2017,10,16,42,1748508,,391279,383708,,,,,,,,,12.1,33.6,2523495
2017-10-23,2017,10,23,43,1801522,,419770,354270,,,,,,,,,12.1,33.6,2575562
2017-10-30,2017,10,30,44,1763575,,465954,355626,,,,,,,,,12.1,33.6,2585155
2017-11-06,2017,11,6,45,1753300,,348533,288096,,,,,,,,,5.7,92.5,2389929
2017-11-13,2017,11,13,46,1755777,,344860,301226,,,,,,,,,5.7,92.5,2401863
2017-11-20,2017,11,20,47,1763012,,367821,310338,,,,,,,,,5.7,92.5,2441171
2017-11-27,2017,11,27,48,1889164,,342816,284061,,,,,,,,,5.7,92.5,2516041
2017-12-04,2017,12,4,49,1915440,,366397,272915,,,,,,,,,3.1,80.7,2554752
2017-12-11,2017,12,11,50,1953820,,362883,259144,,,,,,,,,3.1,80.7,2575847
2017-12-18,2017,12,18,51,1879198,,359896,236502,,,,,,,,,3.1,80.7,2475596
2017-12-25,2017,12,25,52,1318562,,316327,121909,,,,,,,,,3.1,80.7,1756798
2018-01-01,2018,1,1,1,1663957,,293042,154106,,,,,,,,,6.3,117.3,2111105
2018-01-08,2018,1,8,2,2008970,,331067,277695,,,,,,,,,6.3,117.3,2617732
2018-01-15,2018,1,15,3,2073721,,321903,230574,,,,,,,,,6.3,117.3,2626198
2018-01-22,2018,1,22,4,2056988,,337997,262286,,,,,,,,,6.3,117.3,2657271
2018-01-29,2018,1,29,5,2064007,,332392,276905,,,,,,,,,6.3,117.3,2673304
2018-02-05,2018,2,5,6,1995117,,299631,239893,,,,,,,,,0.3,34.5,2534641
2018-02-12,2018,2,12,7,1924407,,291301,196424,,,,,,,,,0.3,34.5,2412132
2018-02-19,2018,2,19,8,1817801,,472757,179015,,,,,,,,,0.3,34.5,2469573
2018-02-26,2018,2,26,9,1977546,,298706,203734,,,,,,,,,0.3,34.5,2479986
2018-03-05,2018,3,5,10,2023236,,329626,302015,,,,,,,,,5.2,47.7,2654877
2018-03-12,2018,3,12,11,2018851,,311401,304007,,,,,,,,,5.2,47.7,2634259
2018-03-19,2018,3,19,12,2130826,,342141,301798,,,,,,,,,5.2,47.7,2774765
2018-03-26,2018,3,26,13,1896776,,289469,215135,,,,,,,,,5.2,47.7,2401380
2018-04-02,2018,4,2,14,1864501,,330640,268153,,,,,,,,,14.2,15,2463294
2018-04-09,2018,4,9,15,2034879,,357505,352099,,,,,,,,,14.2,15,2744483
2018-04-16,2018,4,16,16,2010397,,366057,398866,,,,,,,,,14.2,15,2775320
2018-04-23,2018,4,23,17,2040877,,341217,378110,,,,,,,,,14.2,15,2760204
2018-04-30,2018,4,30,18,1875198,,331655,346423,,,,,,,,,14.2,15,2553276
2018-05-07,2018,5,7,19,1812783,,315853,320704,,,,,,,,,16.3,127.2,2449340
2018-05-14,2018,5,14,20,1970719,,316859,324206,,,,,,,,,16.3,127.2,2611784
2018-05-21,2018,5,21,21,1879560,,322057,387792,,,,,,,,,16.3,127.2,2589409
2018-05-28,2018,5,28,22,2020049,,325302,418895,,,,,,,,,16.3,127.2,2764246
2018-06-04,2018,6,4,23,1999529,,305498,412050,,,,,,,,,19.5,47.8,2717077
2018-06-11,2018,6,11,24,2061405,,362442,398008,,,,,,,,,19.5,47.8,2821855
2018-06-18,2018,6,18,25,2030058,,330308,437609,,,,,,,,,19.5,47.8,2797975
2018-06-25,2018,6,25,26,2066912,,343197,431581,,,,,,,,,19.5,47.8,2841690
2018-07-02,2018,7,2,27,1864566,,282688,337123,,,,,,,,,22.4,55.3,2484377
2018-07-09,2018,7,9,28,1829463,,285558,348669,,,,,,,,,22.4,55.3,2463690
2018-07-16,2018,7,16,29,1838517,,280289,334508,,,,,,,,,22.4,55.3,2453314
2018-07-23,2018,7,23,30,1864492,,266451,353322,,,,,,,,,22.4,55.3,2484265
2018-07-30,2018,7,30,31,1720214,,236770,350511,,,,,,,,,22.4,55.3,2307495
2018-08-06,2018,8,6,32,1931785,,281782,409660,,,,,,,,,21.7,50.6,2623227
2018-08-13,2018,8,13,33,2030738,,315857,444039,,,,,,,,,21.7,50.6,2790634
2018-08-20,2018,8,20,34,2047119,,303850,429851,,,,,,,,,21.7,50.6,2780820
2018-08-27,2018,8,27,35,2058097,,299002,393478,,,,,,,,,21.7,50.6,2750577
2018-09-03,2018,9,3,36,2048208,,308768,431139,,,,,,,,,17.4,28.1,2788115
2018-09-10,2018,9,10,37,2084452,,305377,459245,,,,,,,,,17.4,28.1,2849074
2018-09-17,2018,9,17,38,2069680,,299402,446028,,,,,,,,,17.4,28.1,2815110
2018-09-24,2018,9,24,39,2095063,,335755,427459,,,,,,,,,17.4,28.1,2858277
2018-10-01,2018,10,1,40,1963129,,315916,332486,,,,,,,,,11.8,41.4,2611531
2018-10-08,2018,10,8,41,1981954,,330228,377364,,,,,,,,,11.8,41.4,2689546
2018-10-15,2018,10,15,42,2105427,,350437,444762,,,,,,,,,11.8,41.4,2900626
2018-10-22,2018,10,22,43,2137138,,351265,386249,,,,,,,,,11.8,41.4,2874652
2018-10-29,2018,10,29,44,2124755,,417864,365199,,,,,,,,,11.8,41.4,2907818
2018-11-05,2018,11,5,45,2097160,,385079,382491,,,,,,,,,6.3,33.7,2864730
2018-11-12,2018,11,12,46,2083702,,328727,367927,,,,,,,,,6.3,33.7,2780356
2018-11-19,2018,11,19,47,2076149,,353465,335554,,,,,,,,,6.3,33.7,2765168
2018-11-26,2018,11,26,48,2099046,,330475,317761,,,,,,,,,6.3,33.7,2747282
2018-12-03,2018,12,3,49,2089642,,351770,323152,,,,,,,,,5,99,2764564
2018-12-10,2018,12,10,50,2119418,,353963,315533,,,,,,,,,5,99,2788914
2018-12-17,2018,12,17,51,2117758,,348411,275554,,,,,,,,,5,99,2741723
2018-12-24,2018,12,24,52,1486803,,248019,122223,,,,,,,,,5,99,1857045
2018-12-31,2018,12,31,1,1626920,,305912,161788,,,,,,,,,5,99,2094620
2019-01-07,2019,1,7,2,2007987,,304906,266528,,,,,,,,,1.6,22.2,2579421
2019-01-14,2019,1,14,3,2089840,,331888,292117,,,,,,,,,1.6,22.2,2713845
2019-01-21,2019,1,21,4,2087709,,321071,269460,,,,,,,,,1.6,22.2,2678240
2019-01-28,2019,1,28,5,2120587,,326905,262748,,,,,,,,,1.6,22.2,2710240
2019-02-04,2019,2,4,6,2115197,,321229,273817,,,,,,,,,5.1,28,2710243
2019-02-11,2019,2,11,7,2133388,,367350,309259,,,,,,,,,5.1,28,2809997
2019-02-18,2019,2,18,8,2119389,,366148,351450,,,,,,,,,5.1,28,2836987
2019-02-25,2019,2,25,9,2118829,,350314,338097,,,,,,,,,5.1,28,2807240
2019-03-04,2019,3,4,10,2009922,,326975,262871,,,,,,,,,8.5,39.5,2599768
2019-03-11,2019,3,11,11,1915803,,445912,221286,,,,,,,,,8.5,39.5,2583001
2019-03-18,2019,3,18,12,2203198,,402445,372478,,,,,,,,,8.5,39.5,2978121
2019-03-25,2019,3,25,13,2174906,,408844,392759,,,,,,,,,8.5,39.5,2976509
2019-04-01,2019,4,1,14,2153699,,374302,338132,,,,,,,,,9.9,65.4,2866133
2019-04-08,2019,4,8,15,2084351,,355693,350530,,,,,,,,,9.9,65.4,2790574
2019-04-15,2019,4,15,16,1835720,,368196,312479,,,,,,,,,9.9,65.4,2516395
2019-04-22,2019,4,22,17,1894829,,326041,296007,,,,,,,,,9.9,65.4,2516877
2019-04-29,2019,4,29,18,1988673,,341598,336821,,,,,,,,,9.9,65.4,2667092
2019-05-06,2019,5,6,19,2114269,,336745,359017,,,,,,,,,12.2,77.7,2810031
2019-05-13,2019,5,13,20,2101234,,363787,424202,,,,,,,,,12.2,77.7,2889223
2019-05-20,2019,5,20,21,2111291,,354835,414754,,,,,,,,,12.2,77.7,2880880
2019-05-27,2019,5,27,22,1893989,,332807,375711,,,,,,,,,12.2,77.7,2602507
2019-06-03,2019,6,3,23,2076531,,329332,428062,,,,,,,,,20.4,86.2,2833925
2019-06-10,2019,6,10,24,2043563,,372939,383045,,,,,,,,,20.4,86.2,2799547
2019-06-17,2019,6,17,25,2109574,,353612,463201,,,,,,,,,20.4,86.2,2926387
2019-06-24,2019,6,24,26,2066741,,345419,484812,,,,,,,,,20.4,86.2,2896972
2019-07-01,2019,7,1,27,1939584,,299855,413882,,,,,,,,,21.6,84.7,2653321
2019-07-08,2019,7,8,28,1860674,,324972,382867,,,,,,,,,21.6,84.7,2568513
2019-07-15,2019,7,15,29,1819624,,305160,383436,,,,,,,,,21.6,84.7,2508220
2019-07-22,2019,7,22,30,1771022,,247632,346974,,,,,,,,,21.6,84.7,2365628
2019-07-29,2019,7,29,31,1676357,,305452,349256,,,,,,,,,21.6,84.7,2331065
2019-08-05,2019,8,5,32,1911944,,304890,383568,,,,,,,,,20.2,108,2600402
2019-08-12,2019,8,12,33,1989776,,368397,456760,,,,,,,,,20.2,108,2814933
2019-08-19,2019,8,19,34,1969039,,360479,427272,,,,,,,,,20.2,108,2756790
2019-08-26,2019,8,26,35,1954820,,330331,483149,,,,,,,,,20.2,108,2768300
2019-09-02,2019,9,2,36,1952819,,337533,424113,,,,,,,,,16.1,57.8,2714465
2019-09-09,2019,9,9,37,1955685,,371084,560614,,,,,,,,,16.1,57.8,2887383
2019-09-16,2019,9,16,38,1999093,,349761,547590,,,,,,,,,16.1,57.8,2896444
2019-09-23,2019,9,23,39,2027135,,334434,467743,,,,,,,,,16.1,57.8,2829312
2019-09-30,2019,9,30,40,1895745,,311323,322904,,,,,,,,,16.1,57.8,2529972
2019-10-07,2019,10,7,41,1929333,,334121,339520,,,,,,,,,12.5,110.3,2602974
2019-10-14,2019,10,14,42,2024646,,333584,392020,,,,,,,,,12.5,110.3,2750250
2019-10-21,2019,10,21,43,2029163,,406008,417937,,,,,,,,,12.5,110.3,2853108
2019-10-28,2019,10,28,44,2052825,,384700,332909,,,,,,,,,12.5,110.3,2770434
2019-11-04,2019,11,4,45,2113489,,388743,368268,,,,,,,,3908.9,6.3,55.1,2870500
2019-11-11,2019,11,11,46,2070002,,328737,357769,,,,,,,,8316.9,6.3,55.1,2756508
2019-11-18,2019,11,18,47,2085623,,335988,374245,,,,,,,,12443.6,6.3,55.1,2795856
2019-11-25,2019,11,25,48,2132779,,366293,341000,,,,,,,,7187,6.3,55.1,2840072
2019-12-02,2019,12,2,49,2123740,,364301,346417,,,,,,,,12927.6,4.9,50.9,2834458
2019-12-09,2019,12,9,50,2139524,,366138,319679,,,,,,,,2903.4,4.9,50.9,2825341
2019-12-16,2019,12,16,51,2139185,,372337,329204,,,,,,,,5202.6,4.9,50.9,2840726
2019-12-23,2019,12,23,52,1527902,,258734,129683,,,,,,,,6997.4,4.9,50.9,1916319
2019-12-30,2019,12,30,1,1537822,,315575,176318,,,,,,,,13618.2,4.9,50.9,2029715
2020-01-06,2020,1,6,2,1939482,,334405,358662,,,,,,,,9455,3.6,16.5,2632549
2020-01-13,2020,1,13,3,2014918,,353354,367671,,,,,,,,8596.8,3.6,16.5,2735943
2020-01-20,2020,1,20,4,2009230,,326581,346194,,,,,,,,9523.9,3.6,16.5,2682005
2020-01-27,2020,1,27,5,2031284,,324048,322725,,,,,,,,1401,3.6,16.5,2678057
2020-02-03,2020,2,3,6,2030743,2507000,345797,337974,,,,,,,,5481,7.6,69.8,5221514
2020-02-10,2020,2,10,7,2062417,2538000,336816,324431,7.19607843137255,6.26829268292683,30.969696969697,10.8076923076923,-1.10869565217391,-0.821428571428571,,5063.1,7.6,69.8,5261664
2020-02-17,2020,2,17,8,2008957,2479000,357657,395659,2.92265193370166,1.37209302325581,26.2,7.01648351648352,-2.51381215469613,0.195488721804511,,5286.4,7.6,69.8,5241273
2020-02-24,2020,2,24,9,1919591,2168000,317346,290871,0.679558011049724,4.45664739884393,10.5,-1.76373626373626,-5.93370165745856,1.73484848484848,0,4630.3,7.6,69.8,4695808
2020-03-02,2020,3,2,10,1801111,1873000,309668,258374,-2.80662983425414,0.795321637426901,-1.50892857142857,-6.62087912087912,-2.47513812154696,2.36363636363636,23,7249.8,7.3,47.9,4242153
2020-03-09,2020,3,9,11,1852683,1932000,319402,378863,-11.3149171270718,7.09941520467836,5.375,-13.3021978021978,-4.21546961325967,4.22137404580153,76,6008.3,7.3,47.9,4482948
2020-03-16,2020,3,16,12,1267764,822000,227458,300725,-58.8241758241758,-5.4367816091954,-5.55882352941176,-48.3571428571429,-36.010989010989,17.7008547008547,213,21334.9,7.3,47.9,2617947
2020-03-23,2020,3,23,13,1142995,572000,184059,239881,-68.9065934065934,-19.2228571428571,-14.2211538461538,-56.4175824175824,-44.4120879120879,22.2347826086957,249,24980.1,7.3,47.9,2138935
2020-03-30,2020,3,30,14,1198349,608000,206758,266102,-78.2295081967213,-4.36046511627907,6.55445544554455,-49.6538461538462,-43.9395604395604,21.5130434782609,184,18075.9,7.3,47.9,2279209
2020-04-06,2020,4,6,15,1161909,588000,217566,303744,-74.9214285714286,-8.83471074380165,28.2765957446809,-46.6538461538462,-49.1153846153846,20.3611111111111,88,36182.7,13.5,16.8,2271219
2020-04-13,2020,4,13,16,1157590,613000,216624,313553,-74.4,-23.6589147286822,31.1505376344086,-45.5879120879121,-46.8076923076923,20.5315315315315,50,20739,13.5,16.8,2300767
2020-04-20,2020,4,20,17,1311810,699000,234807,346858,-70.5,-13.9375,26.9895833333333,-42.4505494505495,-37.1703296703297,17.9411764705882,13,23754,13.5,16.8,2592475
2020-04-27,2020,4,27,18,1327258,780000,213980,269256,-64.5467625899281,-10.1023622047244,-7.16981132075472,-42.5769230769231,-36.2857142857143,17.5982905982906,16,11280.3,13.5,16.8,2590494
2020-05-04,2020,5,4,19,1401667,915000,247678,362442,-55.6159420289855,-3.76691729323308,36.3163265306122,-33.5824175824176,-28.5989010989011,14.096,12,29995.9,14.7,73.6,2926787
2020-05-11,2020,5,11,20,1539426,1232000,277537,338943,-33.4397163120567,-0.857142857142857,5.89423076923077,-30.0934065934066,-20.9226519337017,12.0952380952381,6,37254.9,14.7,73.6,3387906
2020-05-18,2020,5,18,21,1394834,1153000,276490,380634,-27.2965517241379,-4.22222222222222,31.1616161616162,-20.3093922651934,-33.0276243093923,11.0083333333333,2,19511.8,14.7,73.6,3204958
2020-05-25,2020,5,25,22,1594379,1402000,327406,447982,-16.1408450704225,8.02205882352941,15.5192307692308,-13.0055248618785,-16.3977900552486,7.6984126984127,2,12949.6,14.7,73.6,3771767
2020-06-01,2020,6,1,23,1500490,1348000,292738,375909,-24.0551724137931,-6.82962962962963,-12.4857142857143,-23.3867403314917,-23.8729281767956,9.48360655737705,4,11885.3,17.8,79.1,3517137
2020-06-08,2020,6,8,24,1641288,1475000,308542,416122,-17.8513513513514,-3.5,4.00970873786408,-19.3956043956044,-19.0773480662983,7.34677419354839,1,22504.2,17.8,79.1,3840952
2020-06-15,2020,6,15,25,1788857,1714000,309185,452771,-12.4527027027027,0.588235294117647,26.5445544554455,-11.5714285714286,-13.0552486187845,4.90551181102362,2,10781.5,17.8,79.1,4264813
2020-06-22,2020,6,22,26,1772251,1722000,315620,507466,-9.91946308724832,2.41911764705882,56.3440860215054,-4.50828729281768,-14.0276243093923,2.54330708661417,0,17060.7,17.8,79.1,4317337
2020-06-29,2020,6,29,27,1737419,1628000,297424,456287,-5.86486486486486,4.75,66.6489361702128,-3.5,-13.1546961325967,2.46875,5,8110.9,17.8,79.1,4119130
2020-07-06,2020,7,6,28,1698423,1467000,305066,464661,-7.06756756756757,3.30882352941176,89.032967032967,-4.6978021978022,-18.6740331491713,2.25196850393701,18,8531.7,21.3,5.6,3935150
2020-07-13,2020,7,13,29,1669291,1430000,280795,415470,-7.41333333333333,1.57664233576642,92.6043956043956,-5.81868131868132,-21.4696132596685,2.92913385826772,17,13720.2,21.3,5.6,3795556
2020-07-20,2020,7,20,30,1640012,1421000,257462,440017,-8.25333333333333,0.360294117647059,110.786516853933,-6.58241758241758,-25.9558011049724,2.84426229508197,11,15777.7,21.3,5.6,3758491
2020-07-27,2020,7,27,31,1633110,1379000,245550,428808,-16.32,-6.0948905109489,120.894117647059,-6.83516483516483,-34.3922651933702,2.94214876033058,32,16798.7,21.3,5.6,3686468
2020-08-03,2020,8,3,32,1736961,1584000,291518,453107,-5.95302013422819,1.98518518518519,115.555555555556,-4.35911602209945,-28.3425414364641,2.99180327868852,17,22491.4,21.1,127.9,4065586
2020-08-10,2020,8,10,33,1774324,1676000,280200,513990,-8.5503355704698,-1.89130434782609,106.137931034483,-3.41758241758242,-22.1049723756906,2.81889763779528,55,22313.9,21.1,127.9,4244514
2020-08-17,2020,8,17,34,1786253,1678000,293313,500541,-10.4558823529412,-1.67741935483871,97,-10.9223300970874,-20.7757009345794,2.23622047244094,43,9847.7,21.1,127.9,4258107
2020-08-24,2020,8,24,35,1785425,1755000,279562,435292,-11.4411764705882,-1.07936507936508,24.3636363636364,-14.3047619047619,-19.3425925925926,2.62698412698413,30,7813.7,21.1,127.9,4255279
2020-08-31,2020,8,31,36,1806363,1784000,318019,470078,-8.85294117647059,-1.55555555555556,65,-9.21698113207547,-18.9065420560748,1.37007874015748,28,14046.6,21.1,127.9,4378460
2020-09-07,2020,9,7,37,1819179,1775000,323693,518673,-4.93203883495146,-1.58695652173913,108.208333333333,-1.02877697841727,-16.1543624161074,0.440944881889764,31,23185.4,17,46.2,4436545
2020-09-14,2020,9,14,38,1811745,1747000,302805,531013,-6.74496644295302,-1.57037037037037,84.561797752809,-1.8956043956044,-13.292817679558,0.46875,21,45218.6,17,46.2,4392563
2020-09-21,2020,9,21,39,1837055,1797000,276301,433760,-11.1258278145695,-2.72058823529412,21.7272727272727,-11.1263736263736,-14.5604395604396,3.13571428571429,16,14609.6,17,46.2,4344116
2020-09-28,2020,9,28,40,1753335,1654000,305680,340041,-9.15894039735099,-1.30882352941176,26.6039603960396,-11.2857142857143,-16.0718232044199,3.18881118881119,37,17096.3,17,46.2,4053056
2020-10-05,2020,10,5,41,1750358,1427000,288254,333159,-12.36,-3.15441176470588,25.43,-15.2582417582418,-19.2983425414365,3.85314685314685,82,10189.2,10.6,106.6,3798771
2020-10-12,2020,10,12,42,1835391,1811000,300394,404207,-14.08,-2.46666666666667,19.4747474747475,-17.7857142857143,-17.767955801105,5.18881118881119,207,32668.4,10.6,106.6,4350992
2020-10-19,2020,10,19,43,1791873,1722000,305900,403264,-17.1324503311258,-2.72727272727273,26.7070707070707,-17.8681318681319,-15.8674033149171,6.39160839160839,427,27792.6,10.6,106.6,4223037
2020-10-26,2020,10,26,44,1721867,1648000,290711,351983,-21.9072847682119,-2.27272727272727,5.6078431372549,-24.9285714285714,-16.3480662983425,8.30769230769231,591,18340.8,10.6,106.6,4012561
2020-11-02,2020,11,2,45,1673988,1596000,289851,367275,-26.6190476190476,-3.39393939393939,5.2,-27.0549450549451,-18.3149171270718,9.57342657342657,571,34453.4,6.8,18.1,3927114
2020-11-09,2020,11,9,46,1679923,1596000,317846,406216,-26.6,-1.89393939393939,19.979797979798,-23.543956043956,-17.3591160220994,9.12587412587413,740,47445.1,6.8,18.1,3999985
2020-11-16,2020,11,16,47,1700079,1615000,292548,367375,-27.5866666666667,-2.59848484848485,0.504761904761905,-27.4615384615385,-16.3867403314917,9.53146853146853,743,33617,6.8,18.1,3975002
2020-11-23,2020,11,23,48,1670450,1581000,281384,338820,-22.7702702702703,0.825757575757576,-9.69230769230769,-27.5,-15.0718232044199,8.83216783216783,661,63642.8,6.8,18.1,3871654
2020-11-30,2020,11,30,49,1660539,1606000,260079,285393,-25.5821917808219,1.47727272727273,-22.5925925925926,-29.1703296703297,-14.4917127071823,9.42657342657343,642,49275,6.8,18.1,3812011
2020-12-07,2020,12,7,50,1651031,1568000,272515,293649,-25.3087248322148,-3.75757575757576,-17.1481481481481,-29.510989010989,-18.0994475138122,9.9020979020979,670,48589.1,4.1,68.3,3785195
2020-12-14,2020,12,14,51,1656663,1563000,280759,302996,-19.5238095238095,2,-10.2056074766355,-27.456043956044,-14.1098901098901,8.83916083916084,673,49566.8,4.1,68.3,3803418
2020-12-21,2020,12,21,52,1330556,1099000,229823,190267,-41.9662162162162,-15.5,-7.19047619047619,-41.043956043956,-47.9450549450549,14.9929577464789,488,25009,4.1,68.3,2849646
2020-12-28,2020,12,28,53,1147713,1008000,233299,147371,-47.5234899328859,-11.5597014925373,3.66037735849057,-43.7582417582418,-57.5303867403315,18.7304964539007,417,34509.2,4.1,68.3,2536383
2021-01-04,2021,1,4,1,1500146,1407000,277633,262913,-42.1095890410959,-7.7593984962406,-5.00961538461539,-35.4450549450549,-28.6868131868132,13.4014084507042,435,63031.6,2.2,110.2,3447692
2021-01-11,2021,1,11,2,1571003,1564000,256809,192461,-43.5743243243243,-9.91729323308271,-22.5327102803738,-32.6483516483516,-21.1978021978022,11.0492957746479,247,49457.1,2.2,110.2,3584273
2021-01-18,2021,1,18,3,1564233,1334000,256753,242110,-52.5850340136054,-9.12781954887218,-6.06603773584906,-33.3296703296703,-24.2252747252747,11.9577464788732,212,18299,2.2,110.2,3397096
2021-01-25,2021,1,25,4,1605242,1372000,239249,217207,-52.5850340136054,-6.93984962406015,-22.6915887850467,-36.6923076923077,-23.9835164835165,12.4225352112676,183,19615.2,2.2,110.2,3433698
2021-02-01,2021,2,1,5,1618219,1363000,263532,252924,-50.5510204081633,-4.40601503759398,-10.8018867924528,-35.0659340659341,-24.4340659340659,11.6830985915493,182,26153.3,5.2,33.7,3497675
2021-02-08,2021,2,8,6,1566141,1473000,240744,145322,-49.0272108843537,-1.75757575757576,-3.07547169811321,-32.0989010989011,-23.9010989010989,11.7605633802817,127,54294.8,5.2,33.7,3425207
2021-02-15,2021,2,15,7,1583998,1270000,295961,246645,-44.7718120805369,2.37878787878788,39.5360824742268,-24.5659340659341,-24.353591160221,10.5874125874126,86,43227.3,5.2,33.7,3396604
2021-02-22,2021,2,22,8,1605597,1277000,334147,299205,-42.16,6.21052631578947,43.0515463917526,-23.7087912087912,-20.4198895027624,9.62237762237762,97,43461.1,5.2,33.7,3515949
2021-03-01,2021,3,1,9,1728574,1569000,327055,334659,-31.9463087248322,9.06870229007634,18.8,-23.3076923076923,-18.521978021978,8.92307692307692,138,66696.7,6.7,53.3,3959288
2021-03-08,2021,3,8,10,1715052,1536000,278574,301939,-34.6486486486486,7.86363636363636,3.75,-26.9010989010989,-17.0989010989011,9.48251748251748,162,38017.5,6.7,53.3,3831565
2021-03-15,2021,3,15,11,1719352,1529000,271764,278385,-36.6959459459459,6.44274809160305,2.84466019417476,-27.3791208791209,-17.6961325966851,10.006993006993,191,25005.7,6.7,53.3,3798501
2021-03-22,2021,3,22,12,1745706,1551000,324994,365825,-29.6510067114094,12.3358778625954,46.1684210526316,-18.5769230769231,-14.5359116022099,7.97202797202797,228,25544,6.7,53.3,3987525
2021-03-29,2021,3,29,13,1622155,1367000,338076,345726,-31.0662251655629,11.3636363636364,79.3720930232558,-15.9835164835165,-25.9502762430939,8.20979020979021,247,27217.2,6.7,53.3,3672957
2021-04-05,2021,4,5,14,1606027,1322000,286245,272222,-35.2133333333333,1.62121212121212,44.4285714285714,-24.1648351648352,-30.3812154696133,11.112676056338,255,13630.2,,,3486494
2021-04-12,2021,4,12,15,1752538,1564000,310634,312504,-32.1486486486486,9.45038167938931,28.82,-24.6813186813187,-19.3977900552486,9.4055944055944,319,24252.4,,,3939676
2021-04-19,2021,4,19,16,1782519,1629000,335998,424153,,,,,,,367,29010.8,,,4171670
2021-04-26,2021,4,26,17,1733844,1573000,37264,91521,,,,,,,368,30793.3,,,3435629
2021-05-03,2021,5,3,18,1735920,,,,,,,,,,281,11396,,,1735920
