"year","month","year_month","temperature","precipitation","retail_and_recreation_percent_change_from_baseline","grocery_and_pharmacy_percent_change_from_baseline","parks_percent_change_from_baseline","transit_stations_percent_change_from_baseline","workplaces_percent_change_from_baseline","residential_percent_change_from_baseline","covid_cases_bs","stringency_index","containment_health_index","mode","total_per_mode"
2015,1,2015-01-01,3.1,67.9,,,,,,,,,,"car",8251573
2015,1,2015-01-01,3.1,67.9,,,,,,,,,,"fuss",920121
2015,1,2015-01-01,3.1,67.9,,,,,,,,,,"velo",787443
2015,1,2015-01-01,3.1,67.9,,,,,,,,,,"oev",
2015,2,2015-02-01,1.6,25.4,,,,,,,,,,"car",7811800
2015,2,2015-02-01,1.6,25.4,,,,,,,,,,"fuss",1188195
2015,2,2015-02-01,1.6,25.4,,,,,,,,,,"velo",721961
2015,2,2015-02-01,1.6,25.4,,,,,,,,,,"oev",
2015,3,2015-03-01,7.4,31.3,,,,,,,,,,"car",9056240
2015,3,2015-03-01,7.4,31.3,,,,,,,,,,"fuss",1272319
2015,3,2015-03-01,7.4,31.3,,,,,,,,,,"velo",1203147
2015,3,2015-03-01,7.4,31.3,,,,,,,,,,"oev",
2015,4,2015-04-01,11.2,87.6,,,,,,,,,,"car",8433669
2015,4,2015-04-01,11.2,87.6,,,,,,,,,,"fuss",1202894
2015,4,2015-04-01,11.2,87.6,,,,,,,,,,"velo",1139492
2015,4,2015-04-01,11.2,87.6,,,,,,,,,,"oev",
2015,5,2015-05-01,15,92.1,,,,,,,,,,"car",8343536
2015,5,2015-05-01,15,92.1,,,,,,,,,,"fuss",1203255
2015,5,2015-05-01,15,92.1,,,,,,,,,,"velo",1188460
2015,5,2015-05-01,15,92.1,,,,,,,,,,"oev",
2015,6,2015-06-01,18.7,94.5,,,,,,,,,,"car",8485696
2015,6,2015-06-01,18.7,94.5,,,,,,,,,,"fuss",1261928
2015,6,2015-06-01,18.7,94.5,,,,,,,,,,"velo",1396150
2015,6,2015-06-01,18.7,94.5,,,,,,,,,,"oev",
2015,7,2015-07-01,23.2,22.9,,,,,,,,,,"car",7952409
2015,7,2015-07-01,23.2,22.9,,,,,,,,,,"fuss",1195281
2015,7,2015-07-01,23.2,22.9,,,,,,,,,,"velo",1290166
2015,7,2015-07-01,23.2,22.9,,,,,,,,,,"oev",
2015,8,2015-08-01,21,73.7,,,,,,,,,,"car",8401497
2015,8,2015-08-01,21,73.7,,,,,,,,,,"fuss",1108911
2015,8,2015-08-01,21,73.7,,,,,,,,,,"velo",1345749
2015,8,2015-08-01,21,73.7,,,,,,,,,,"oev",
2015,9,2015-09-01,14.4,49,,,,,,,,,,"car",8778707
2015,9,2015-09-01,14.4,49,,,,,,,,,,"fuss",1178979
2015,9,2015-09-01,14.4,49,,,,,,,,,,"velo",1422543
2015,9,2015-09-01,14.4,49,,,,,,,,,,"oev",
2015,10,2015-10-01,10.2,36,,,,,,,,,,"car",9257625
2015,10,2015-10-01,10.2,36,,,,,,,,,,"fuss",1216482
2015,10,2015-10-01,10.2,36,,,,,,,,,,"velo",1248218
2015,10,2015-10-01,10.2,36,,,,,,,,,,"oev",
2015,11,2015-11-01,8.7,48.9,,,,,,,,,,"car",9202184
2015,11,2015-11-01,8.7,48.9,,,,,,,,,,"fuss",1085948
2015,11,2015-11-01,8.7,48.9,,,,,,,,,,"velo",1141828
2015,11,2015-11-01,8.7,48.9,,,,,,,,,,"oev",
2015,12,2015-12-01,5.5,16,,,,,,,,,,"car",9262910
2015,12,2015-12-01,5.5,16,,,,,,,,,,"fuss",1246554
2015,12,2015-12-01,5.5,16,,,,,,,,,,"velo",951641
2015,12,2015-12-01,5.5,16,,,,,,,,,,"oev",
2016,1,2016-01-01,3.7,131.9,,,,,,,,,,"car",9450802
2016,1,2016-01-01,3.7,131.9,,,,,,,,,,"fuss",1021928
2016,1,2016-01-01,3.7,131.9,,,,,,,,,,"velo",1006098
2016,1,2016-01-01,3.7,131.9,,,,,,,,,,"oev",
2016,2,2016-02-01,5.2,86.1,,,,,,,,,,"car",9039685
2016,2,2016-02-01,5.2,86.1,,,,,,,,,,"fuss",1107894
2016,2,2016-02-01,5.2,86.1,,,,,,,,,,"velo",948456
2016,2,2016-02-01,5.2,86.1,,,,,,,,,,"oev",
2016,3,2016-03-01,5.7,37.8,,,,,,,,,,"car",9862968
2016,3,2016-03-01,5.7,37.8,,,,,,,,,,"fuss",1349772
2016,3,2016-03-01,5.7,37.8,,,,,,,,,,"velo",1176627
2016,3,2016-03-01,5.7,37.8,,,,,,,,,,"oev",
2016,4,2016-04-01,9.7,144.8,,,,,,,,,,"car",9876035
2016,4,2016-04-01,9.7,144.8,,,,,,,,,,"fuss",1322530
2016,4,2016-04-01,9.7,144.8,,,,,,,,,,"velo",1402146
2016,4,2016-04-01,9.7,144.8,,,,,,,,,,"oev",
2016,5,2016-05-01,13.9,154.7,,,,,,,,,,"car",9366270
2016,5,2016-05-01,13.9,154.7,,,,,,,,,,"fuss",1405167
2016,5,2016-05-01,13.9,154.7,,,,,,,,,,"velo",1499403
2016,5,2016-05-01,13.9,154.7,,,,,,,,,,"oev",
2016,6,2016-06-01,17.7,176.2,,,,,,,,,,"car",9480130
2016,6,2016-06-01,17.7,176.2,,,,,,,,,,"fuss",1387527
2016,6,2016-06-01,17.7,176.2,,,,,,,,,,"velo",1576596
2016,6,2016-06-01,17.7,176.2,,,,,,,,,,"oev",
2016,7,2016-07-01,20.7,35.7,,,,,,,,,,"car",8496668
2016,7,2016-07-01,20.7,35.7,,,,,,,,,,"fuss",1323049
2016,7,2016-07-01,20.7,35.7,,,,,,,,,,"velo",1540287
2016,7,2016-07-01,20.7,35.7,,,,,,,,,,"oev",
2016,8,2016-08-01,20.3,69.2,,,,,,,,,,"car",8535398
2016,8,2016-08-01,20.3,69.2,,,,,,,,,,"fuss",1442211
2016,8,2016-08-01,20.3,69.2,,,,,,,,,,"velo",1704037
2016,8,2016-08-01,20.3,69.2,,,,,,,,,,"oev",
2016,9,2016-09-01,17.8,44.7,,,,,,,,,,"car",8649099
2016,9,2016-09-01,17.8,44.7,,,,,,,,,,"fuss",1487081
2016,9,2016-09-01,17.8,44.7,,,,,,,,,,"velo",1560208
2016,9,2016-09-01,17.8,44.7,,,,,,,,,,"oev",
2016,10,2016-10-01,9.6,57.7,,,,,,,,,,"car",9358552
2016,10,2016-10-01,9.6,57.7,,,,,,,,,,"fuss",1547153
2016,10,2016-10-01,9.6,57.7,,,,,,,,,,"velo",1212854
2016,10,2016-10-01,9.6,57.7,,,,,,,,,,"oev",
2016,11,2016-11-01,5.9,54.7,,,,,,,,,,"car",9424815
2016,11,2016-11-01,5.9,54.7,,,,,,,,,,"fuss",1662192
2016,11,2016-11-01,5.9,54.7,,,,,,,,,,"velo",1211166
2016,11,2016-11-01,5.9,54.7,,,,,,,,,,"oev",
2016,12,2016-12-01,1,3.3,,,,,,,,,,"car",9201008
2016,12,2016-12-01,1,3.3,,,,,,,,,,"fuss",1630558
2016,12,2016-12-01,1,3.3,,,,,,,,,,"velo",973520
2016,12,2016-12-01,1,3.3,,,,,,,,,,"oev",
2017,1,2017-01-01,-1.7,38.5,,,,,,,,,,"car",8591329
2017,1,2017-01-01,-1.7,38.5,,,,,,,,,,"fuss",1353753
2017,1,2017-01-01,-1.7,38.5,,,,,,,,,,"velo",813052
2017,1,2017-01-01,-1.7,38.5,,,,,,,,,,"oev",
2017,2,2017-02-01,5.5,59,,,,,,,,,,"car",7445601
2017,2,2017-02-01,5.5,59,,,,,,,,,,"fuss",1386829
2017,2,2017-02-01,5.5,59,,,,,,,,,,"velo",1010831
2017,2,2017-02-01,5.5,59,,,,,,,,,,"oev",
2017,3,2017-03-01,9.6,36.4,,,,,,,,,,"car",8626999
2017,3,2017-03-01,9.6,36.4,,,,,,,,,,"fuss",1909503
2017,3,2017-03-01,9.6,36.4,,,,,,,,,,"velo",1353720
2017,3,2017-03-01,9.6,36.4,,,,,,,,,,"oev",
2017,4,2017-04-01,9.9,66.2,,,,,,,,,,"car",8674648
2017,4,2017-04-01,9.9,66.2,,,,,,,,,,"fuss",1582397
2017,4,2017-04-01,9.9,66.2,,,,,,,,,,"velo",1303979
2017,4,2017-04-01,9.9,66.2,,,,,,,,,,"oev",
2017,5,2017-05-01,15.8,112.7,,,,,,,,,,"car",8771446
2017,5,2017-05-01,15.8,112.7,,,,,,,,,,"fuss",1745615
2017,5,2017-05-01,15.8,112.7,,,,,,,,,,"velo",1636085
2017,5,2017-05-01,15.8,112.7,,,,,,,,,,"oev",
2017,6,2017-06-01,20.9,32,,,,,,,,,,"car",8641063
2017,6,2017-06-01,20.9,32,,,,,,,,,,"fuss",1910746
2017,6,2017-06-01,20.9,32,,,,,,,,,,"velo",1859662
2017,6,2017-06-01,20.9,32,,,,,,,,,,"oev",
2017,7,2017-07-01,20.9,71.3,,,,,,,,,,"car",7810401
2017,7,2017-07-01,20.9,71.3,,,,,,,,,,"fuss",1739786
2017,7,2017-07-01,20.9,71.3,,,,,,,,,,"velo",1422419
2017,7,2017-07-01,20.9,71.3,,,,,,,,,,"oev",
2017,8,2017-08-01,20.5,100.2,,,,,,,,,,"car",8275910
2017,8,2017-08-01,20.5,100.2,,,,,,,,,,"fuss",1581391
2017,8,2017-08-01,20.5,100.2,,,,,,,,,,"velo",1711175
2017,8,2017-08-01,20.5,100.2,,,,,,,,,,"oev",
2017,9,2017-09-01,14.3,42.1,,,,,,,,,,"car",7689007
2017,9,2017-09-01,14.3,42.1,,,,,,,,,,"fuss",1736738
2017,9,2017-09-01,14.3,42.1,,,,,,,,,,"velo",1590041
2017,9,2017-09-01,14.3,42.1,,,,,,,,,,"oev",
2017,10,2017-10-01,12.1,33.6,,,,,,,,,,"car",7543244
2017,10,2017-10-01,12.1,33.6,,,,,,,,,,"fuss",1789556
2017,10,2017-10-01,12.1,33.6,,,,,,,,,,"velo",1493417
2017,10,2017-10-01,12.1,33.6,,,,,,,,,,"oev",
2017,11,2017-11-01,5.7,92.5,,,,,,,,,,"car",7626430
2017,11,2017-11-01,5.7,92.5,,,,,,,,,,"fuss",1581697
2017,11,2017-11-01,5.7,92.5,,,,,,,,,,"velo",1328308
2017,11,2017-11-01,5.7,92.5,,,,,,,,,,"oev",
2017,12,2017-12-01,3.1,80.7,,,,,,,,,,"car",7827082
2017,12,2017-12-01,3.1,80.7,,,,,,,,,,"fuss",1550125
2017,12,2017-12-01,3.1,80.7,,,,,,,,,,"velo",980826
2017,12,2017-12-01,3.1,80.7,,,,,,,,,,"oev",
2018,1,2018-01-01,6.3,117.3,,,,,,,,,,"car",8741091
2018,1,2018-01-01,6.3,117.3,,,,,,,,,,"fuss",1436525
2018,1,2018-01-01,6.3,117.3,,,,,,,,,,"velo",1068864
2018,1,2018-01-01,6.3,117.3,,,,,,,,,,"oev",
2018,2,2018-02-01,0.3,34.5,,,,,,,,,,"car",7783266
2018,2,2018-02-01,0.3,34.5,,,,,,,,,,"fuss",1376629
2018,2,2018-02-01,0.3,34.5,,,,,,,,,,"velo",858357
2018,2,2018-02-01,0.3,34.5,,,,,,,,,,"oev",
2018,3,2018-03-01,5.2,47.7,,,,,,,,,,"car",8948224
2018,3,2018-03-01,5.2,47.7,,,,,,,,,,"fuss",1417840
2018,3,2018-03-01,5.2,47.7,,,,,,,,,,"velo",1204890
2018,3,2018-03-01,5.2,47.7,,,,,,,,,,"oev",
2018,4,2018-04-01,14.2,15,,,,,,,,,,"car",8417956
2018,4,2018-04-01,14.2,15,,,,,,,,,,"fuss",1470021
2018,4,2018-04-01,14.2,15,,,,,,,,,,"velo",1458796
2018,4,2018-04-01,14.2,15,,,,,,,,,,"oev",
2018,5,2018-05-01,16.3,127.2,,,,,,,,,,"car",8480877
2018,5,2018-05-01,16.3,127.2,,,,,,,,,,"fuss",1420121
2018,5,2018-05-01,16.3,127.2,,,,,,,,,,"velo",1589390
2018,5,2018-05-01,16.3,127.2,,,,,,,,,,"oev",
2018,6,2018-06-01,19.5,47.8,,,,,,,,,,"car",8750534
2018,6,2018-06-01,19.5,47.8,,,,,,,,,,"fuss",1453091
2018,6,2018-06-01,19.5,47.8,,,,,,,,,,"velo",1795579
2018,6,2018-06-01,19.5,47.8,,,,,,,,,,"oev",
2018,7,2018-07-01,22.4,55.3,,,,,,,,,,"car",8155823
2018,7,2018-07-01,22.4,55.3,,,,,,,,,,"fuss",1221711
2018,7,2018-07-01,22.4,55.3,,,,,,,,,,"velo",1533755
2018,7,2018-07-01,22.4,55.3,,,,,,,,,,"oev",
2018,8,2018-08-01,21.7,50.6,,,,,,,,,,"car",8750726
2018,8,2018-08-01,21.7,50.6,,,,,,,,,,"fuss",1283567
2018,8,2018-08-01,21.7,50.6,,,,,,,,,,"velo",1841416
2018,8,2018-08-01,21.7,50.6,,,,,,,,,,"oev",
2018,9,2018-09-01,17.4,28.1,,,,,,,,,,"car",8776858
2018,9,2018-09-01,17.4,28.1,,,,,,,,,,"fuss",1326632
2018,9,2018-09-01,17.4,28.1,,,,,,,,,,"velo",1832256
2018,9,2018-09-01,17.4,28.1,,,,,,,,,,"oev",
2018,10,2018-10-01,11.8,41.4,,,,,,,,,,"car",9149838
2018,10,2018-10-01,11.8,41.4,,,,,,,,,,"fuss",1503872
2018,10,2018-10-01,11.8,41.4,,,,,,,,,,"velo",1719284
2018,10,2018-10-01,11.8,41.4,,,,,,,,,,"oev",
2018,11,2018-11-01,6.3,33.7,,,,,,,,,,"car",9029647
2018,11,2018-11-01,6.3,33.7,,,,,,,,,,"fuss",1572305
2018,11,2018-11-01,6.3,33.7,,,,,,,,,,"velo",1543498
2018,11,2018-11-01,6.3,33.7,,,,,,,,,,"oev",
2018,12,2018-12-01,5,99,,,,,,,,,,"car",8522503
2018,12,2018-12-01,5,99,,,,,,,,,,"fuss",1442559
2018,12,2018-12-01,5,99,,,,,,,,,,"velo",1105437
2018,12,2018-12-01,5,99,,,,,,,,,,"oev",
2019,1,2019-01-01,1.6,22.2,,,,,,,,,,"car",8881684
2019,1,2019-01-01,1.6,22.2,,,,,,,,,,"fuss",1408839
2019,1,2019-01-01,1.6,22.2,,,,,,,,,,"velo",1154435
2019,1,2019-01-01,1.6,22.2,,,,,,,,,,"oev",
2019,2,2019-02-01,5.1,28,,,,,,,,,,"car",8495709
2019,2,2019-02-01,5.1,28,,,,,,,,,,"fuss",1398305
2019,2,2019-02-01,5.1,28,,,,,,,,,,"velo",1257971
2019,2,2019-02-01,5.1,28,,,,,,,,,,"oev",
2019,3,2019-03-01,8.5,39.5,,,,,,,,,,"car",9125756
2019,3,2019-03-01,8.5,39.5,,,,,,,,,,"fuss",1719600
2019,3,2019-03-01,8.5,39.5,,,,,,,,,,"velo",1340287
2019,3,2019-03-01,8.5,39.5,,,,,,,,,,"oev",
2019,4,2019-04-01,9.9,65.4,,,,,,,,,,"car",8607815
2019,4,2019-04-01,9.9,65.4,,,,,,,,,,"fuss",1529751
2019,4,2019-04-01,9.9,65.4,,,,,,,,,,"velo",1422403
2019,4,2019-04-01,9.9,65.4,,,,,,,,,,"oev",
2019,5,2019-05-01,12.2,77.7,,,,,,,,,,"car",9126991
2019,5,2019-05-01,12.2,77.7,,,,,,,,,,"fuss",1536421
2019,5,2019-05-01,12.2,77.7,,,,,,,,,,"velo",1697231
2019,5,2019-05-01,12.2,77.7,,,,,,,,,,"oev",
2019,6,2019-06-01,20.4,86.2,,,,,,,,,,"car",8739045
2019,6,2019-06-01,20.4,86.2,,,,,,,,,,"fuss",1489028
2019,6,2019-06-01,20.4,86.2,,,,,,,,,,"velo",1846942
2019,6,2019-06-01,20.4,86.2,,,,,,,,,,"oev",
2019,7,2019-07-01,21.6,84.7,,,,,,,,,,"car",8242094
2019,7,2019-07-01,21.6,84.7,,,,,,,,,,"fuss",1327046
2019,7,2019-07-01,21.6,84.7,,,,,,,,,,"velo",1711173
2019,7,2019-07-01,21.6,84.7,,,,,,,,,,"oev",
2019,8,2019-08-01,20.2,108,,,,,,,,,,"car",8446907
2019,8,2019-08-01,20.2,108,,,,,,,,,,"fuss",1487443
2019,8,2019-08-01,20.2,108,,,,,,,,,,"velo",1877429
2019,8,2019-08-01,20.2,108,,,,,,,,,,"oev",
2019,9,2019-09-01,16.1,57.8,,,,,,,,,,"car",8427626
2019,9,2019-09-01,16.1,57.8,,,,,,,,,,"fuss",1474257
2019,9,2019-09-01,16.1,57.8,,,,,,,,,,"velo",2110120
2019,9,2019-09-01,16.1,57.8,,,,,,,,,,"oev",
2019,10,2019-10-01,12.5,110.3,,,,,,,,,,"car",8813825
2019,10,2019-10-01,12.5,110.3,,,,,,,,,,"fuss",1535375
2019,10,2019-10-01,12.5,110.3,,,,,,,,,,"velo",1625880
2019,10,2019-10-01,12.5,110.3,,,,,,,,,,"oev",
2019,11,2019-11-01,6.3,55.1,,,,,,,,,,"car",9015430
2019,11,2019-11-01,6.3,55.1,,,,,,,,,,"fuss",1570828
2019,11,2019-11-01,6.3,55.1,,,,,,,,,,"velo",1526978
2019,11,2019-11-01,6.3,55.1,,,,,,,,,,"oev",
2019,12,2019-12-01,4.9,50.9,,,,,,,,,,"car",8610741
2019,12,2019-12-01,4.9,50.9,,,,,,,,,,"fuss",1497215
2019,12,2019-12-01,4.9,50.9,,,,,,,,,,"velo",1196046
2019,12,2019-12-01,4.9,50.9,,,,,,,,,,"oev",
2020,1,2020-01-01,3.6,16.5,,,,,,,,0,0,"car",8595290
2020,1,2020-01-01,3.6,16.5,,,,,,,,0,0,"fuss",1470653
2020,1,2020-01-01,3.6,16.5,,,,,,,,0,0,"velo",1471517
2020,1,2020-01-01,3.6,16.5,,,,,,,,0,0,"oev",
2020,2,2020-02-01,7.6,69.8,2.27577319587629,3.1219512195122,19.6167400881057,3.78974358974359,-4.01546391752577,0.782918149466192,0,2.68199233716475,5.31609195402299,"car",8308431
2020,2,2020-02-01,7.6,69.8,2.27577319587629,3.1219512195122,19.6167400881057,3.78974358974359,-4.01546391752577,0.782918149466192,0,2.68199233716475,5.31609195402299,"fuss",1402531
2020,2,2020-02-01,7.6,69.8,2.27577319587629,3.1219512195122,19.6167400881057,3.78974358974359,-4.01546391752577,0.782918149466192,0,2.68199233716475,5.31609195402299,"velo",1374603
2020,2,2020-02-01,7.6,69.8,2.27577319587629,3.1219512195122,19.6167400881057,3.78974358974359,-4.01546391752577,0.782918149466192,0,2.68199233716475,5.31609195402299,"oev",7524000
2020,3,2020-03-01,7.3,47.9,-36.8343711083437,-4.35921052631579,-3.82692307692308,-31.590570719603,-22.84875,11.6825688073395,609,54.2568255232532,48.1746979954865,"car",6631168
2020,3,2020-03-01,7.3,47.9,-36.8343711083437,-4.35921052631579,-3.82692307692308,-31.590570719603,-22.84875,11.6825688073395,609,54.2568255232532,48.1746979954865,"fuss",1134967
2020,3,2020-03-01,7.3,47.9,-36.8343711083437,-4.35921052631579,-3.82692307692308,-31.590570719603,-22.84875,11.6825688073395,609,54.2568255232532,48.1746979954865,"velo",1276055
2020,3,2020-03-01,7.3,47.9,-36.8343711083437,-4.35921052631579,-3.82692307692308,-31.590570719603,-22.84875,11.6825688073395,609,54.2568255232532,48.1746979954865,"oev",7367000
2020,4,2020-04-01,13.5,16.8,-73.0935023771791,-11.3304498269896,21.2542372881356,-44.9435897435897,-42.9820971867008,19.4338085539715,298,81.4814814814815,68.0555555555556,"car",5391976
2020,4,2020-04-01,13.5,16.8,-73.0935023771791,-11.3304498269896,21.2542372881356,-44.9435897435897,-42.9820971867008,19.4338085539715,298,81.4814814814815,68.0555555555556,"fuss",951048
2020,4,2020-04-01,13.5,16.8,-73.0935023771791,-11.3304498269896,21.2542372881356,-44.9435897435897,-42.9820971867008,19.4338085539715,298,81.4814814814815,68.0555555555556,"velo",1336751
2020,4,2020-04-01,13.5,16.8,-73.0935023771791,-11.3304498269896,21.2542372881356,-44.9435897435897,-42.9820971867008,19.4338085539715,298,81.4814814814815,68.0555555555556,"oev",2508000
2020,5,2020-05-01,14.7,73.6,-36.272,-1.74315068493151,19.1868131868132,-26.1890547263682,-25.9586983729662,11.7453531598513,27,76.284348864994,68.8620071684588,"car",6314018
2020,5,2020-05-01,14.7,73.6,-36.272,-1.74315068493151,19.1868131868132,-26.1890547263682,-25.9586983729662,11.7453531598513,27,76.284348864994,68.8620071684588,"fuss",1210475
2020,5,2020-05-01,14.7,73.6,-36.272,-1.74315068493151,19.1868131868132,-26.1890547263682,-25.9586983729662,11.7453531598513,27,76.284348864994,68.8620071684588,"velo",1619849
2020,5,2020-05-01,14.7,73.6,-36.272,-1.74315068493151,19.1868131868132,-26.1890547263682,-25.9586983729662,11.7453531598513,27,76.284348864994,68.8620071684588,"oev",5482000
2020,6,2020-06-01,17.8,79.1,-15.1708860759494,-1.41196581196581,19.9058823529412,-14.0642673521851,-17.5025706940874,5.85925925925926,7,50.8024691358025,53.8425925925926,"car",7234395
2020,6,2020-06-01,17.8,79.1,-15.1708860759494,-1.41196581196581,19.9058823529412,-14.0642673521851,-17.5025706940874,5.85925925925926,7,50.8024691358025,53.8425925925926,"fuss",1318844
2020,6,2020-06-01,17.8,79.1,-15.1708860759494,-1.41196581196581,19.9058823529412,-14.0642673521851,-17.5025706940874,5.85925925925926,7,50.8024691358025,53.8425925925926,"velo",1892774
2020,6,2020-06-01,17.8,79.1,-15.1708860759494,-1.41196581196581,19.9058823529412,-14.0642673521851,-17.5025706940874,5.85925925925926,7,50.8024691358025,53.8425925925926,"oev",6259000
2020,7,2020-07-01,21.3,5.6,-7.38181818181818,3.10726072607261,99.3098236775819,-5.29477611940298,-23.0534161490683,2.73166368515206,69,35.9617682198327,46.9982078853047,"car",7504104
2020,7,2020-07-01,21.3,5.6,-7.38181818181818,3.10726072607261,99.3098236775819,-5.29477611940298,-23.0534161490683,2.73166368515206,69,35.9617682198327,46.9982078853047,"fuss",1249187
2020,7,2020-07-01,21.3,5.6,-7.38181818181818,3.10726072607261,99.3098236775819,-5.29477611940298,-23.0534161490683,2.73166368515206,69,35.9617682198327,46.9982078853047,"velo",1991156
2020,7,2020-07-01,21.3,5.6,-7.38181818181818,3.10726072607261,99.3098236775819,-5.29477611940298,-23.0534161490683,2.73166368515206,69,35.9617682198327,46.9982078853047,"oev",5946000
2020,8,2020-08-01,21.1,127.9,-11.1211498973306,-3.83710407239819,99.7649769585254,-7.36677115987461,-23.2102803738318,2.56569343065693,161,34.2592592592593,46.5277777777778,"car",7696386
2020,8,2020-08-01,21.1,127.9,-11.1211498973306,-3.83710407239819,99.7649769585254,-7.36677115987461,-23.2102803738318,2.56569343065693,161,34.2592592592593,46.5277777777778,"fuss",1232218
2020,8,2020-08-01,21.1,127.9,-11.1211498973306,-3.83710407239819,99.7649769585254,-7.36677115987461,-23.2102803738318,2.56569343065693,161,34.2592592592593,46.5277777777778,"velo",2042854
2020,8,2020-08-01,21.1,127.9,-11.1211498973306,-3.83710407239819,99.7649769585254,-7.36677115987461,-23.2102803738318,2.56569343065693,161,34.2592592592593,46.5277777777778,"oev",8072000
2020,9,2020-09-01,17,46.2,-7.98476190476191,-1.77661795407098,60.508896797153,-5.95982142857143,-15.5374449339207,1.54577464788732,102,34.2592592592593,45.3600823045267,"car",7803967
2020,9,2020-09-01,17,46.2,-7.98476190476191,-1.77661795407098,60.508896797153,-5.95982142857143,-15.5374449339207,1.54577464788732,102,34.2592592592593,45.3600823045267,"fuss",1313078
2020,9,2020-09-01,17,46.2,-7.98476190476191,-1.77661795407098,60.508896797153,-5.95982142857143,-15.5374449339207,1.54577464788732,102,34.2592592592593,45.3600823045267,"velo",2057742
2020,9,2020-09-01,17,46.2,-7.98476190476191,-1.77661795407098,60.508896797153,-5.95982142857143,-15.5374449339207,1.54577464788732,102,34.2592592592593,45.3600823045267,"oev",7103000
2020,10,2020-10-01,10.6,106.6,-15.0567164179104,-2.24790619765494,19.4481981981982,-17.7531017369727,-16.9278606965174,5.56940063091483,1259,30.6905172795256,40.2645028541086,"car",7906709
2020,10,2020-10-01,10.6,106.6,-15.0567164179104,-2.24790619765494,19.4481981981982,-17.7531017369727,-16.9278606965174,5.56940063091483,1259,30.6905172795256,40.2645028541086,"fuss",1332465
2020,10,2020-10-01,10.6,106.6,-15.0567164179104,-2.24790619765494,19.4481981981982,-17.7531017369727,-16.9278606965174,5.56940063091483,1259,30.6905172795256,40.2645028541086,"velo",1641537
2020,10,2020-10-01,10.6,106.6,-15.0567164179104,-2.24790619765494,19.4481981981982,-17.7531017369727,-16.9278606965174,5.56940063091483,1259,30.6905172795256,40.2645028541086,"oev",6614000
2020,11,2020-11-01,6.8,18.1,-25.9496855345912,-2.02504472271914,3.23809523809524,-26.5730769230769,-16.7600518806744,9.18390804597701,2848,48.823731138546,52.8094993141289,"car",7128818
2020,11,2020-11-01,6.8,18.1,-25.9496855345912,-2.02504472271914,3.23809523809524,-26.5730769230769,-16.7600518806744,9.18390804597701,2848,48.823731138546,52.8094993141289,"fuss",1243470
2020,11,2020-11-01,6.8,18.1,-25.9496855345912,-2.02504472271914,3.23809523809524,-26.5730769230769,-16.7600518806744,9.18390804597701,2848,48.823731138546,52.8094993141289,"velo",1553695
2020,11,2020-11-01,6.8,18.1,-25.9496855345912,-2.02504472271914,3.23809523809524,-26.5730769230769,-16.7600518806744,9.18390804597701,2848,48.823731138546,52.8094993141289,"oev",8036000
2020,12,2020-12-01,4.1,68.3,-28.6998468606432,-0.925675675675676,-10.9617021276596,-32.8970223325062,-29.1536555142503,11.9638364779874,2683,53.2855436081243,56.1039758396389,"car",6798648
2020,12,2020-12-01,4.1,68.3,-28.6998468606432,-0.925675675675676,-10.9617021276596,-32.8970223325062,-29.1536555142503,11.9638364779874,2683,53.2855436081243,56.1039758396389,"fuss",1160113
2020,12,2020-12-01,4.1,68.3,-28.6998468606432,-0.925675675675676,-10.9617021276596,-32.8970223325062,-29.1536555142503,11.9638364779874,2683,53.2855436081243,56.1039758396389,"velo",1118637
2020,12,2020-12-01,4.1,68.3,-28.6998468606432,-0.925675675675676,-10.9617021276596,-32.8970223325062,-29.1536555142503,11.9638364779874,2683,53.2855436081243,56.1039758396389,"oev",5836000
2021,1,2021-01-01,2.2,110.2,-49.9035222052067,-13.0648464163823,-13.5042194092827,-36.0558312655087,-26.8639200998752,12.7540192926045,1228,61.1896544094871,61.8644630293376,"car",6631689
2021,1,2021-01-01,2.2,110.2,-49.9035222052067,-13.0648464163823,-13.5042194092827,-36.0558312655087,-26.8639200998752,12.7540192926045,1228,61.1896544094871,61.8644630293376,"fuss",1108317
2021,1,2021-01-01,2.2,110.2,-49.9035222052067,-13.0648464163823,-13.5042194092827,-36.0558312655087,-26.8639200998752,12.7540192926045,1228,61.1896544094871,61.8644630293376,"velo",962819
2021,1,2021-01-01,2.2,110.2,-49.9035222052067,-13.0648464163823,-13.5042194092827,-36.0558312655087,-26.8639200998752,12.7540192926045,1228,61.1896544094871,61.8644630293376,"oev",6685000
2021,2,2021-02-01,5.2,33.7,-46.5986509274874,0.607547169811321,16.1083743842365,-28.8598901098901,-23.2796143250689,10.9105263157895,492,63.8839898099157,63.885214579659,"car",6373978
2021,2,2021-02-01,5.2,33.7,-46.5986509274874,0.607547169811321,16.1083743842365,-28.8598901098901,-23.2796143250689,10.9105263157895,492,63.8839898099157,63.885214579659,"fuss",1134371
2021,2,2021-02-01,5.2,33.7,-46.5986509274874,0.607547169811321,16.1083743842365,-28.8598901098901,-23.2796143250689,10.9105263157895,492,63.8839898099157,63.885214579659,"velo",944084
2021,2,2021-02-01,5.2,33.7,-46.5986509274874,0.607547169811321,16.1083743842365,-28.8598901098901,-23.2796143250689,10.9105263157895,492,63.8839898099157,63.885214579659,"oev",5383000
2021,3,2021-03-01,6.7,53.3,-32.0867579908676,9.88717948717949,21.2096774193548,-23.1166253101737,-17.0049566294919,8.88401253918495,814,55.5854241338112,59.2011814682066,"car",7706868
2021,3,2021-03-01,6.7,53.3,-32.0867579908676,9.88717948717949,21.2096774193548,-23.1166253101737,-17.0049566294919,8.88401253918495,814,55.5854241338112,59.2011814682066,"fuss",1367170
2021,3,2021-03-01,6.7,53.3,-32.0867579908676,9.88717948717949,21.2096774193548,-23.1166253101737,-17.0049566294919,8.88401253918495,814,55.5854241338112,59.2011814682066,"velo",1464643
2021,3,2021-03-01,6.7,53.3,-32.0867579908676,9.88717948717949,21.2096774193548,-23.1166253101737,-17.0049566294919,8.88401253918495,814,55.5854241338112,59.2011814682066,"oev",6185000
2021,4,2021-04-01,,,-34.6813471502591,5.53432835820896,46.8492063492063,-22.7970085470085,-26.6255411255411,10.0331491712707,1335,49.3827160493827,55.787037037037,"car",7350769
2021,4,2021-04-01,,,-34.6813471502591,5.53432835820896,46.8492063492063,-22.7970085470085,-26.6255411255411,10.0331491712707,1335,49.3827160493827,55.787037037037,"fuss",1143507
2021,4,2021-04-01,,,-34.6813471502591,5.53432835820896,46.8492063492063,-22.7970085470085,-26.6255411255411,10.0331491712707,1335,49.3827160493827,55.787037037037,"velo",1262402
2021,4,2021-04-01,,,-34.6813471502591,5.53432835820896,46.8492063492063,-22.7970085470085,-26.6255411255411,10.0331491712707,1335,49.3827160493827,55.787037037037,"oev",5882000
2021,5,2021-05-01,,,,,,,,,596,,,"car",2085325
2021,5,2021-05-01,,,,,,,,,596,,,"fuss",
2021,5,2021-05-01,,,,,,,,,596,,,"velo",
2021,5,2021-05-01,,,,,,,,,596,,,"oev",1573000
