FK_ZAEHLER,FK_STANDORT,year,month,day,hour,total_fuss,total_velo,datum
ECO09022739,5,2009,12,2,0,0,2,2009-12-02T00:00:00Z
ECO09022739,5,2009,12,2,1,0,0,2009-12-02T01:00:00Z
ECO09022739,5,2009,12,2,2,0,1,2009-12-02T02:00:00Z
ECO09022739,5,2009,12,2,3,0,0,2009-12-02T03:00:00Z
ECO09022739,5,2009,12,2,4,0,0,2009-12-02T04:00:00Z
ECO09022739,5,2009,12,2,5,0,0,2009-12-02T05:00:00Z
ECO09022739,5,2009,12,2,6,0,6,2009-12-02T06:00:00Z
ECO09022739,5,2009,12,2,7,0,14,2009-12-02T07:00:00Z
ECO09022739,5,2009,12,2,8,0,61,2009-12-02T08:00:00Z
ECO09022739,5,2009,12,2,9,0,54,2009-12-02T09:00:00Z
ECO09022739,5,2009,12,2,10,0,20,2009-12-02T10:00:00Z
ECO09022739,5,2009,12,2,11,0,8,2009-12-02T11:00:00Z
ECO09022739,5,2009,12,2,12,0,11,2009-12-02T12:00:00Z
ECO09022739,5,2009,12,2,13,0,8,2009-12-02T13:00:00Z
ECO09022739,5,2009,12,2,14,0,16,2009-12-02T14:00:00Z
ECO09022739,5,2009,12,2,15,0,8,2009-12-02T15:00:00Z
ECO09022739,5,2009,12,2,16,0,4,2009-12-02T16:00:00Z
ECO09022739,5,2009,12,2,17,0,13,2009-12-02T17:00:00Z
ECO09022739,5,2009,12,2,18,0,14,2009-12-02T18:00:00Z
ECO09022739,5,2009,12,2,19,0,23,2009-12-02T19:00:00Z
ECO09022739,5,2009,12,2,20,0,13,2009-12-02T20:00:00Z
ECO09022739,5,2009,12,2,21,0,5,2009-12-02T21:00:00Z
ECO09022739,5,2009,12,2,22,0,3,2009-12-02T22:00:00Z
ECO09022739,5,2009,12,2,23,0,0,2009-12-02T23:00:00Z
ECO09022739,5,2009,12,3,0,0,0,2009-12-03T00:00:00Z
ECO09022739,5,2009,12,3,1,0,0,2009-12-03T01:00:00Z
ECO09022739,5,2009,12,3,2,0,0,2009-12-03T02:00:00Z
ECO09022739,5,2009,12,3,3,0,0,2009-12-03T03:00:00Z
ECO09022739,5,2009,12,3,4,0,0,2009-12-03T04:00:00Z
ECO09022739,5,2009,12,3,5,0,0,2009-12-03T05:00:00Z
ECO09022739,5,2009,12,3,6,0,3,2009-12-03T06:00:00Z
ECO09022739,5,2009,12,3,7,0,15,2009-12-03T07:00:00Z
ECO09022739,5,2009,12,3,8,0,61,2009-12-03T08:00:00Z
ECO09022739,5,2009,12,3,9,0,65,2009-12-03T09:00:00Z
ECO09022739,5,2009,12,3,10,0,20,2009-12-03T10:00:00Z
ECO09022739,5,2009,12,3,11,0,20,2009-12-03T11:00:00Z
ECO09022739,5,2009,12,3,12,0,22,2009-12-03T12:00:00Z
ECO09022739,5,2009,12,3,13,0,9,2009-12-03T13:00:00Z
ECO09022739,5,2009,12,3,14,0,17,2009-12-03T14:00:00Z
ECO09022739,5,2009,12,3,15,0,12,2009-12-03T15:00:00Z
ECO09022739,5,2009,12,3,16,0,13,2009-12-03T16:00:00Z
ECO09022739,5,2009,12,3,17,0,16,2009-12-03T17:00:00Z
ECO09022739,5,2009,12,3,18,0,10,2009-12-03T18:00:00Z
ECO09022739,5,2009,12,3,19,0,20,2009-12-03T19:00:00Z
ECO09022739,5,2009,12,3,20,0,8,2009-12-03T20:00:00Z
ECO09022739,5,2009,12,3,21,0,5,2009-12-03T21:00:00Z
ECO09022739,5,2009,12,3,22,0,1,2009-12-03T22:00:00Z
ECO09022739,5,2009,12,3,23,0,3,2009-12-03T23:00:00Z
ECO09022739,5,2009,12,4,0,0,1,2009-12-04T00:00:00Z
ECO09022739,5,2009,12,4,1,0,0,2009-12-04T01:00:00Z
ECO09022739,5,2009,12,4,2,0,0,2009-12-04T02:00:00Z
ECO09022739,5,2009,12,4,3,0,0,2009-12-04T03:00:00Z
ECO09022739,5,2009,12,4,4,0,0,2009-12-04T04:00:00Z
ECO09022739,5,2009,12,4,5,0,0,2009-12-04T05:00:00Z
ECO09022739,5,2009,12,4,6,0,3,2009-12-04T06:00:00Z
ECO09022739,5,2009,12,4,7,0,21,2009-12-04T07:00:00Z
ECO09022739,5,2009,12,4,8,0,38,2009-12-04T08:00:00Z
ECO09022739,5,2009,12,4,9,0,50,2009-12-04T09:00:00Z
ECO09022739,5,2009,12,4,10,0,24,2009-12-04T10:00:00Z
ECO09022739,5,2009,12,4,11,0,13,2009-12-04T11:00:00Z
ECO09022739,5,2009,12,4,12,0,13,2009-12-04T12:00:00Z
ECO09022739,5,2009,12,4,13,0,6,2009-12-04T13:00:00Z
ECO09022739,5,2009,12,4,14,0,24,2009-12-04T14:00:00Z
ECO09022739,5,2009,12,4,15,0,12,2009-12-04T15:00:00Z
ECO09022739,5,2009,12,4,16,0,13,2009-12-04T16:00:00Z
ECO09022739,5,2009,12,4,17,0,20,2009-12-04T17:00:00Z
ECO09022739,5,2009,12,4,18,0,17,2009-12-04T18:00:00Z
ECO09022739,5,2009,12,4,19,0,34,2009-12-04T19:00:00Z
ECO09022739,5,2009,12,4,20,0,16,2009-12-04T20:00:00Z
ECO09022739,5,2009,12,4,21,0,13,2009-12-04T21:00:00Z
ECO09022739,5,2009,12,4,22,0,6,2009-12-04T22:00:00Z
ECO09022739,5,2009,12,4,23,0,1,2009-12-04T23:00:00Z
ECO09022739,5,2009,12,5,0,0,1,2009-12-05T00:00:00Z
ECO09022739,5,2009,12,5,1,0,1,2009-12-05T01:00:00Z
ECO09022739,5,2009,12,5,2,0,1,2009-12-05T02:00:00Z
ECO09022739,5,2009,12,5,3,0,0,2009-12-05T03:00:00Z
ECO09022739,5,2009,12,5,4,0,0,2009-12-05T04:00:00Z
ECO09022739,5,2009,12,5,5,0,0,2009-12-05T05:00:00Z
ECO09022739,5,2009,12,5,6,0,0,2009-12-05T06:00:00Z
ECO09022739,5,2009,12,5,7,0,3,2009-12-05T07:00:00Z
ECO09022739,5,2009,12,5,8,0,8,2009-12-05T08:00:00Z
ECO09022739,5,2009,12,5,9,0,11,2009-12-05T09:00:00Z
ECO09022739,5,2009,12,5,10,0,21,2009-12-05T10:00:00Z
ECO09022739,5,2009,12,5,11,0,12,2009-12-05T11:00:00Z
ECO09022739,5,2009,12,5,12,0,16,2009-12-05T12:00:00Z
ECO09022739,5,2009,12,5,13,0,18,2009-12-05T13:00:00Z
ECO09022739,5,2009,12,5,14,0,13,2009-12-05T14:00:00Z
ECO09022739,5,2009,12,5,15,0,19,2009-12-05T15:00:00Z
ECO09022739,5,2009,12,5,16,0,17,2009-12-05T16:00:00Z
ECO09022739,5,2009,12,5,17,0,13,2009-12-05T17:00:00Z
ECO09022739,5,2009,12,5,18,0,7,2009-12-05T18:00:00Z
ECO09022739,5,2009,12,5,19,0,9,2009-12-05T19:00:00Z
ECO09022739,5,2009,12,5,20,0,5,2009-12-05T20:00:00Z
ECO09022739,5,2009,12,5,21,0,4,2009-12-05T21:00:00Z
ECO09022739,5,2009,12,5,22,0,5,2009-12-05T22:00:00Z
ECO09022739,5,2009,12,5,23,0,2,2009-12-05T23:00:00Z
ECO09022739,5,2009,12,6,0,0,3,2009-12-06T00:00:00Z
ECO09022739,5,2009,12,6,1,0,0,2009-12-06T01:00:00Z
ECO09022739,5,2009,12,6,2,0,1,2009-12-06T02:00:00Z
ECO09022739,5,2009,12,6,3,0,1,2009-12-06T03:00:00Z
ECO09022739,5,2009,12,6,4,0,0,2009-12-06T04:00:00Z
ECO09022739,5,2009,12,6,5,0,0,2009-12-06T05:00:00Z
ECO09022739,5,2009,12,6,6,0,1,2009-12-06T06:00:00Z
ECO09022739,5,2009,12,6,7,0,3,2009-12-06T07:00:00Z
ECO09022739,5,2009,12,6,8,0,2,2009-12-06T08:00:00Z
ECO09022739,5,2009,12,6,9,0,8,2009-12-06T09:00:00Z
ECO09022739,5,2009,12,6,10,0,14,2009-12-06T10:00:00Z
ECO09022739,5,2009,12,6,11,0,7,2009-12-06T11:00:00Z
ECO09022739,5,2009,12,6,12,0,8,2009-12-06T12:00:00Z
ECO09022739,5,2009,12,6,13,0,10,2009-12-06T13:00:00Z
ECO09022739,5,2009,12,6,14,0,21,2009-12-06T14:00:00Z
ECO09022739,5,2009,12,6,15,0,14,2009-12-06T15:00:00Z
ECO09022739,5,2009,12,6,16,0,15,2009-12-06T16:00:00Z
ECO09022739,5,2009,12,6,17,0,14,2009-12-06T17:00:00Z
ECO09022739,5,2009,12,6,18,0,6,2009-12-06T18:00:00Z
ECO09022739,5,2009,12,6,19,0,11,2009-12-06T19:00:00Z
ECO09022739,5,2009,12,6,20,0,3,2009-12-06T20:00:00Z
ECO09022739,5,2009,12,6,21,0,1,2009-12-06T21:00:00Z
ECO09022739,5,2009,12,6,22,0,3,2009-12-06T22:00:00Z
ECO09022739,5,2009,12,6,23,0,2,2009-12-06T23:00:00Z
ECO09022739,5,2009,12,7,0,0,2,2009-12-07T00:00:00Z
ECO09022739,5,2009,12,7,1,0,0,2009-12-07T01:00:00Z
ECO09022739,5,2009,12,7,2,0,0,2009-12-07T02:00:00Z
ECO09022739,5,2009,12,7,3,0,0,2009-12-07T03:00:00Z
ECO09022739,5,2009,12,7,4,0,0,2009-12-07T04:00:00Z
ECO09022739,5,2009,12,7,5,0,0,2009-12-07T05:00:00Z
ECO09022739,5,2009,12,7,6,0,4,2009-12-07T06:00:00Z
ECO09022739,5,2009,12,7,7,0,13,2009-12-07T07:00:00Z
ECO09022739,5,2009,12,7,8,0,33,2009-12-07T08:00:00Z
ECO09022739,5,2009,12,7,9,0,37,2009-12-07T09:00:00Z
ECO09022739,5,2009,12,7,10,0,16,2009-12-07T10:00:00Z
ECO09022739,5,2009,12,7,11,0,5,2009-12-07T11:00:00Z
ECO09022739,5,2009,12,7,12,0,6,2009-12-07T12:00:00Z
ECO09022739,5,2009,12,7,13,0,2,2009-12-07T13:00:00Z
ECO09022739,5,2009,12,7,14,0,5,2009-12-07T14:00:00Z
ECO09022739,5,2009,12,7,15,0,7,2009-12-07T15:00:00Z
ECO09022739,5,2009,12,7,16,0,5,2009-12-07T16:00:00Z
ECO09022739,5,2009,12,7,17,0,8,2009-12-07T17:00:00Z
ECO09022739,5,2009,12,7,18,0,8,2009-12-07T18:00:00Z
ECO09022739,5,2009,12,7,19,0,10,2009-12-07T19:00:00Z
ECO09022739,5,2009,12,7,20,0,9,2009-12-07T20:00:00Z
ECO09022739,5,2009,12,7,21,0,2,2009-12-07T21:00:00Z
ECO09022739,5,2009,12,7,22,0,4,2009-12-07T22:00:00Z
ECO09022739,5,2009,12,7,23,0,3,2009-12-07T23:00:00Z
ECO09022739,5,2009,12,8,0,0,0,2009-12-08T00:00:00Z
ECO09022739,5,2009,12,8,1,0,0,2009-12-08T01:00:00Z
ECO09022739,5,2009,12,8,2,0,1,2009-12-08T02:00:00Z
ECO09022739,5,2009,12,8,3,0,0,2009-12-08T03:00:00Z
ECO09022739,5,2009,12,8,4,0,0,2009-12-08T04:00:00Z
ECO09022739,5,2009,12,8,5,0,0,2009-12-08T05:00:00Z
ECO09022739,5,2009,12,8,6,0,2,2009-12-08T06:00:00Z
ECO09022739,5,2009,12,8,7,0,12,2009-12-08T07:00:00Z
ECO09022739,5,2009,12,8,8,0,32,2009-12-08T08:00:00Z
ECO09022739,5,2009,12,8,9,0,29,2009-12-08T09:00:00Z
ECO09022739,5,2009,12,8,10,0,17,2009-12-08T10:00:00Z
ECO09022739,5,2009,12,8,11,0,12,2009-12-08T11:00:00Z
ECO09022739,5,2009,12,8,12,0,10,2009-12-08T12:00:00Z
ECO09022739,5,2009,12,8,13,0,22,2009-12-08T13:00:00Z
ECO09022739,5,2009,12,8,14,0,14,2009-12-08T14:00:00Z
ECO09022739,5,2009,12,8,15,0,13,2009-12-08T15:00:00Z
ECO09022739,5,2009,12,8,16,0,11,2009-12-08T16:00:00Z
ECO09022739,5,2009,12,8,17,0,14,2009-12-08T17:00:00Z
ECO09022739,5,2009,12,8,18,0,15,2009-12-08T18:00:00Z
ECO09022739,5,2009,12,8,19,0,16,2009-12-08T19:00:00Z
ECO09022739,5,2009,12,8,20,0,15,2009-12-08T20:00:00Z
ECO09022739,5,2009,12,8,21,0,3,2009-12-08T21:00:00Z
ECO09022739,5,2009,12,8,22,0,3,2009-12-08T22:00:00Z
ECO09022739,5,2009,12,8,23,0,5,2009-12-08T23:00:00Z
ECO09022739,5,2009,12,9,0,0,0,2009-12-09T00:00:00Z
ECO09022739,5,2009,12,9,1,0,1,2009-12-09T01:00:00Z
ECO09022739,5,2009,12,9,2,0,0,2009-12-09T02:00:00Z
ECO09022739,5,2009,12,9,3,0,0,2009-12-09T03:00:00Z
ECO09022739,5,2009,12,9,4,0,0,2009-12-09T04:00:00Z
ECO09022739,5,2009,12,9,5,0,0,2009-12-09T05:00:00Z
ECO09022739,5,2009,12,9,6,0,2,2009-12-09T06:00:00Z
ECO09022739,5,2009,12,9,7,0,24,2009-12-09T07:00:00Z
ECO09022739,5,2009,12,9,8,0,73,2009-12-09T08:00:00Z
ECO09022739,5,2009,12,9,9,0,44,2009-12-09T09:00:00Z
ECO09022739,5,2009,12,9,10,0,34,2009-12-09T10:00:00Z
ECO09022739,5,2009,12,9,11,0,17,2009-12-09T11:00:00Z
ECO09022739,5,2009,12,9,12,0,15,2009-12-09T12:00:00Z
ECO09022739,5,2009,12,9,13,0,22,2009-12-09T13:00:00Z
ECO09022739,5,2009,12,9,14,0,19,2009-12-09T14:00:00Z
ECO09022739,5,2009,12,9,15,0,13,2009-12-09T15:00:00Z
ECO09022739,5,2009,12,9,16,0,14,2009-12-09T16:00:00Z
ECO09022739,5,2009,12,9,17,0,14,2009-12-09T17:00:00Z
ECO09022739,5,2009,12,9,18,0,17,2009-12-09T18:00:00Z
ECO09022739,5,2009,12,9,19,0,19,2009-12-09T19:00:00Z
ECO09022739,5,2009,12,9,20,0,13,2009-12-09T20:00:00Z
ECO09022739,5,2009,12,9,21,0,3,2009-12-09T21:00:00Z
ECO09022739,5,2009,12,9,22,0,1,2009-12-09T22:00:00Z
ECO09022739,5,2009,12,9,23,0,2,2009-12-09T23:00:00Z
ECO09022739,5,2009,12,10,0,0,1,2009-12-10T00:00:00Z
ECO09022739,5,2009,12,10,1,0,1,2009-12-10T01:00:00Z
ECO09022739,5,2009,12,10,2,0,0,2009-12-10T02:00:00Z
ECO09022739,5,2009,12,10,3,0,0,2009-12-10T03:00:00Z
ECO09022739,5,2009,12,10,4,0,0,2009-12-10T04:00:00Z
ECO09022739,5,2009,12,10,5,0,0,2009-12-10T05:00:00Z
ECO09022739,5,2009,12,10,6,0,3,2009-12-10T06:00:00Z
ECO09022739,5,2009,12,10,7,0,20,2009-12-10T07:00:00Z
ECO09022739,5,2009,12,10,8,0,59,2009-12-10T08:00:00Z
ECO09022739,5,2009,12,10,9,0,52,2009-12-10T09:00:00Z
ECO09022739,5,2009,12,10,10,0,16,2009-12-10T10:00:00Z
ECO09022739,5,2009,12,10,11,0,11,2009-12-10T11:00:00Z
ECO09022739,5,2009,12,10,12,0,8,2009-12-10T12:00:00Z
ECO09022739,5,2009,12,10,13,0,8,2009-12-10T13:00:00Z
ECO09022739,5,2009,12,10,14,0,11,2009-12-10T14:00:00Z
ECO09022739,5,2009,12,10,15,0,9,2009-12-10T15:00:00Z
ECO09022739,5,2009,12,10,16,0,10,2009-12-10T16:00:00Z
ECO09022739,5,2009,12,10,17,0,13,2009-12-10T17:00:00Z
ECO09022739,5,2009,12,10,18,0,15,2009-12-10T18:00:00Z
ECO09022739,5,2009,12,10,19,0,15,2009-12-10T19:00:00Z
ECO09022739,5,2009,12,10,20,0,10,2009-12-10T20:00:00Z
ECO09022739,5,2009,12,10,21,0,5,2009-12-10T21:00:00Z
ECO09022739,5,2009,12,10,22,0,3,2009-12-10T22:00:00Z
ECO09022739,5,2009,12,10,23,0,5,2009-12-10T23:00:00Z
ECO09022739,5,2009,12,11,0,0,2,2009-12-11T00:00:00Z
ECO09022739,5,2009,12,11,1,0,0,2009-12-11T01:00:00Z
ECO09022739,5,2009,12,11,2,0,0,2009-12-11T02:00:00Z
ECO09022739,5,2009,12,11,3,0,0,2009-12-11T03:00:00Z
ECO09022739,5,2009,12,11,4,0,0,2009-12-11T04:00:00Z
ECO09022739,5,2009,12,11,5,0,1,2009-12-11T05:00:00Z
ECO09022739,5,2009,12,11,6,0,1,2009-12-11T06:00:00Z
ECO09022739,5,2009,12,11,7,0,17,2009-12-11T07:00:00Z
ECO09022739,5,2009,12,11,8,0,45,2009-12-11T08:00:00Z
ECO09022739,5,2009,12,11,9,0,46,2009-12-11T09:00:00Z
ECO09022739,5,2009,12,11,10,0,23,2009-12-11T10:00:00Z
ECO09022739,5,2009,12,11,11,0,16,2009-12-11T11:00:00Z
ECO09022739,5,2009,12,11,12,0,9,2009-12-11T12:00:00Z
ECO09022739,5,2009,12,11,13,0,11,2009-12-11T13:00:00Z
ECO09022739,5,2009,12,11,14,0,8,2009-12-11T14:00:00Z
ECO09022739,5,2009,12,11,15,0,7,2009-12-11T15:00:00Z
ECO09022739,5,2009,12,11,16,0,5,2009-12-11T16:00:00Z
ECO09022739,5,2009,12,11,17,0,9,2009-12-11T17:00:00Z
ECO09022739,5,2009,12,11,18,0,9,2009-12-11T18:00:00Z
ECO09022739,5,2009,12,11,19,0,8,2009-12-11T19:00:00Z
ECO09022739,5,2009,12,11,20,0,3,2009-12-11T20:00:00Z
ECO09022739,5,2009,12,11,21,0,3,2009-12-11T21:00:00Z
ECO09022739,5,2009,12,11,22,0,2,2009-12-11T22:00:00Z
ECO09022739,5,2009,12,11,23,0,1,2009-12-11T23:00:00Z
ECO09022739,5,2009,12,12,0,0,0,2009-12-12T00:00:00Z
ECO09022739,5,2009,12,12,1,0,1,2009-12-12T01:00:00Z
ECO09022739,5,2009,12,12,2,0,1,2009-12-12T02:00:00Z
ECO09022739,5,2009,12,12,3,0,2,2009-12-12T03:00:00Z
ECO09022739,5,2009,12,12,4,0,0,2009-12-12T04:00:00Z
ECO09022739,5,2009,12,12,5,0,0,2009-12-12T05:00:00Z
ECO09022739,5,2009,12,12,6,0,2,2009-12-12T06:00:00Z
ECO09022739,5,2009,12,12,7,0,5,2009-12-12T07:00:00Z
ECO09022739,5,2009,12,12,8,0,4,2009-12-12T08:00:00Z
ECO09022739,5,2009,12,12,9,0,8,2009-12-12T09:00:00Z
ECO09022739,5,2009,12,12,10,0,9,2009-12-12T10:00:00Z
ECO09022739,5,2009,12,12,11,0,5,2009-12-12T11:00:00Z
ECO09022739,5,2009,12,12,12,0,5,2009-12-12T12:00:00Z
ECO09022739,5,2009,12,12,13,0,8,2009-12-12T13:00:00Z
ECO09022739,5,2009,12,12,14,0,14,2009-12-12T14:00:00Z
ECO09022739,5,2009,12,12,15,0,16,2009-12-12T15:00:00Z
ECO09022739,5,2009,12,12,16,0,12,2009-12-12T16:00:00Z
ECO09022739,5,2009,12,12,17,0,8,2009-12-12T17:00:00Z
ECO09022739,5,2009,12,12,18,0,3,2009-12-12T18:00:00Z
ECO09022739,5,2009,12,12,19,0,8,2009-12-12T19:00:00Z
ECO09022739,5,2009,12,12,20,0,6,2009-12-12T20:00:00Z
ECO09022739,5,2009,12,12,21,0,3,2009-12-12T21:00:00Z
ECO09022739,5,2009,12,12,22,0,2,2009-12-12T22:00:00Z
ECO09022739,5,2009,12,12,23,0,3,2009-12-12T23:00:00Z
ECO09022739,5,2009,12,13,0,0,4,2009-12-13T00:00:00Z
ECO09022739,5,2009,12,13,1,0,0,2009-12-13T01:00:00Z
ECO09022739,5,2009,12,13,2,0,0,2009-12-13T02:00:00Z
ECO09022739,5,2009,12,13,3,0,1,2009-12-13T03:00:00Z
ECO09022739,5,2009,12,13,4,0,0,2009-12-13T04:00:00Z
ECO09022739,5,2009,12,13,5,0,0,2009-12-13T05:00:00Z
ECO09022739,5,2009,12,13,6,0,0,2009-12-13T06:00:00Z
ECO09022739,5,2009,12,13,7,0,2,2009-12-13T07:00:00Z
ECO09022739,5,2009,12,13,8,0,2,2009-12-13T08:00:00Z
ECO09022739,5,2009,12,13,9,0,4,2009-12-13T09:00:00Z
ECO09022739,5,2009,12,13,10,0,4,2009-12-13T10:00:00Z
ECO09022739,5,2009,12,13,11,0,9,2009-12-13T11:00:00Z
ECO09022739,5,2009,12,13,12,0,10,2009-12-13T12:00:00Z
ECO09022739,5,2009,12,13,13,0,14,2009-12-13T13:00:00Z
ECO09022739,5,2009,12,13,14,0,11,2009-12-13T14:00:00Z
ECO09022739,5,2009,12,13,15,0,22,2009-12-13T15:00:00Z
ECO09022739,5,2009,12,13,16,0,8,2009-12-13T16:00:00Z
ECO09022739,5,2009,12,13,17,0,6,2009-12-13T17:00:00Z
ECO09022739,5,2009,12,13,18,0,5,2009-12-13T18:00:00Z
ECO09022739,5,2009,12,13,19,0,5,2009-12-13T19:00:00Z
ECO09022739,5,2009,12,13,20,0,7,2009-12-13T20:00:00Z
ECO09022739,5,2009,12,13,21,0,1,2009-12-13T21:00:00Z
ECO09022739,5,2009,12,13,22,0,1,2009-12-13T22:00:00Z
ECO09022739,5,2009,12,13,23,0,0,2009-12-13T23:00:00Z
ECO09022739,5,2009,12,14,0,0,0,2009-12-14T00:00:00Z
ECO09022739,5,2009,12,14,1,0,1,2009-12-14T01:00:00Z
ECO09022739,5,2009,12,14,2,0,0,2009-12-14T02:00:00Z
ECO09022739,5,2009,12,14,3,0,1,2009-12-14T03:00:00Z
ECO09022739,5,2009,12,14,4,0,0,2009-12-14T04:00:00Z
ECO09022739,5,2009,12,14,5,0,0,2009-12-14T05:00:00Z
ECO09022739,5,2009,12,14,6,0,3,2009-12-14T06:00:00Z
ECO09022739,5,2009,12,14,7,0,16,2009-12-14T07:00:00Z
ECO09022739,5,2009,12,14,8,0,49,2009-12-14T08:00:00Z
ECO09022739,5,2009,12,14,9,0,44,2009-12-14T09:00:00Z
ECO09022739,5,2009,12,14,10,0,15,2009-12-14T10:00:00Z
ECO09022739,5,2009,12,14,11,0,12,2009-12-14T11:00:00Z
ECO09022739,5,2009,12,14,12,0,8,2009-12-14T12:00:00Z
ECO09022739,5,2009,12,14,13,0,8,2009-12-14T13:00:00Z
ECO09022739,5,2009,12,14,14,0,9,2009-12-14T14:00:00Z
ECO09022739,5,2009,12,14,15,0,7,2009-12-14T15:00:00Z
ECO09022739,5,2009,12,14,16,0,9,2009-12-14T16:00:00Z
ECO09022739,5,2009,12,14,17,0,6,2009-12-14T17:00:00Z
ECO09022739,5,2009,12,14,18,0,10,2009-12-14T18:00:00Z
ECO09022739,5,2009,12,14,19,0,14,2009-12-14T19:00:00Z
ECO09022739,5,2009,12,14,20,0,7,2009-12-14T20:00:00Z
ECO09022739,5,2009,12,14,21,0,2,2009-12-14T21:00:00Z
ECO09022739,5,2009,12,14,22,0,5,2009-12-14T22:00:00Z
ECO09022739,5,2009,12,14,23,0,3,2009-12-14T23:00:00Z
ECO09022739,5,2009,12,15,0,0,1,2009-12-15T00:00:00Z
ECO09022739,5,2009,12,15,1,0,0,2009-12-15T01:00:00Z
ECO09022739,5,2009,12,15,2,0,0,2009-12-15T02:00:00Z
ECO09022739,5,2009,12,15,3,0,0,2009-12-15T03:00:00Z
ECO09022739,5,2009,12,15,4,0,0,2009-12-15T04:00:00Z
ECO09022739,5,2009,12,15,5,0,1,2009-12-15T05:00:00Z
ECO09022739,5,2009,12,15,6,0,3,2009-12-15T06:00:00Z
ECO09022739,5,2009,12,15,7,0,15,2009-12-15T07:00:00Z
ECO09022739,5,2009,12,15,8,0,56,2009-12-15T08:00:00Z
ECO09022739,5,2009,12,15,9,0,36,2009-12-15T09:00:00Z
ECO09022739,5,2009,12,15,10,0,18,2009-12-15T10:00:00Z
ECO09022739,5,2009,12,15,11,0,10,2009-12-15T11:00:00Z
ECO09022739,5,2009,12,15,12,0,6,2009-12-15T12:00:00Z
ECO09022739,5,2009,12,15,13,0,6,2009-12-15T13:00:00Z
ECO09022739,5,2009,12,15,14,0,12,2009-12-15T14:00:00Z
ECO09022739,5,2009,12,15,15,0,6,2009-12-15T15:00:00Z
ECO09022739,5,2009,12,15,16,0,8,2009-12-15T16:00:00Z
ECO09022739,5,2009,12,15,17,0,10,2009-12-15T17:00:00Z
ECO09022739,5,2009,12,15,18,0,10,2009-12-15T18:00:00Z
ECO09022739,5,2009,12,15,19,0,15,2009-12-15T19:00:00Z
ECO09022739,5,2009,12,15,20,0,6,2009-12-15T20:00:00Z
ECO09022739,5,2009,12,15,21,0,3,2009-12-15T21:00:00Z
ECO09022739,5,2009,12,15,22,0,2,2009-12-15T22:00:00Z
ECO09022739,5,2009,12,15,23,0,1,2009-12-15T23:00:00Z
ECO09022739,5,2009,12,16,0,0,1,2009-12-16T00:00:00Z
ECO09022739,5,2009,12,16,1,0,2,2009-12-16T01:00:00Z
ECO09022739,5,2009,12,16,2,0,0,2009-12-16T02:00:00Z
ECO09022739,5,2009,12,16,3,0,1,2009-12-16T03:00:00Z
ECO09022739,5,2009,12,16,4,0,0,2009-12-16T04:00:00Z
ECO09022739,5,2009,12,16,5,0,2,2009-12-16T05:00:00Z
ECO09022739,5,2009,12,16,6,0,2,2009-12-16T06:00:00Z
ECO09022739,5,2009,12,16,7,0,20,2009-12-16T07:00:00Z
ECO09022739,5,2009,12,16,8,0,44,2009-12-16T08:00:00Z
ECO09022739,5,2009,12,16,9,0,30,2009-12-16T09:00:00Z
ECO09022739,5,2009,12,16,10,0,18,2009-12-16T10:00:00Z
ECO09022739,5,2009,12,16,11,0,13,2009-12-16T11:00:00Z
ECO09022739,5,2009,12,16,12,0,10,2009-12-16T12:00:00Z
ECO09022739,5,2009,12,16,13,0,10,2009-12-16T13:00:00Z
ECO09022739,5,2009,12,16,14,0,9,2009-12-16T14:00:00Z
ECO09022739,5,2009,12,16,15,0,6,2009-12-16T15:00:00Z
ECO09022739,5,2009,12,16,16,0,11,2009-12-16T16:00:00Z
ECO09022739,5,2009,12,16,17,0,5,2009-12-16T17:00:00Z
ECO09022739,5,2009,12,16,18,0,19,2009-12-16T18:00:00Z
ECO09022739,5,2009,12,16,19,0,9,2009-12-16T19:00:00Z
ECO09022739,5,2009,12,16,20,0,11,2009-12-16T20:00:00Z
ECO09022739,5,2009,12,16,21,0,3,2009-12-16T21:00:00Z
ECO09022739,5,2009,12,16,22,0,3,2009-12-16T22:00:00Z
ECO09022739,5,2009,12,16,23,0,2,2009-12-16T23:00:00Z
ECO09022739,5,2009,12,17,0,0,0,2009-12-17T00:00:00Z
ECO09022739,5,2009,12,17,1,0,0,2009-12-17T01:00:00Z
ECO09022739,5,2009,12,17,2,0,0,2009-12-17T02:00:00Z
ECO09022739,5,2009,12,17,3,0,0,2009-12-17T03:00:00Z
ECO09022739,5,2009,12,17,4,0,0,2009-12-17T04:00:00Z
ECO09022739,5,2009,12,17,5,0,0,2009-12-17T05:00:00Z
ECO09022739,5,2009,12,17,6,0,3,2009-12-17T06:00:00Z
ECO09022739,5,2009,12,17,7,0,11,2009-12-17T07:00:00Z
ECO09022739,5,2009,12,17,8,0,44,2009-12-17T08:00:00Z
ECO09022739,5,2009,12,17,9,0,53,2009-12-17T09:00:00Z
ECO09022739,5,2009,12,17,10,0,16,2009-12-17T10:00:00Z
ECO09022739,5,2009,12,17,11,0,11,2009-12-17T11:00:00Z
ECO09022739,5,2009,12,17,12,0,10,2009-12-17T12:00:00Z
ECO09022739,5,2009,12,17,13,0,13,2009-12-17T13:00:00Z
ECO09022739,5,2009,12,17,14,0,7,2009-12-17T14:00:00Z
ECO09022739,5,2009,12,17,15,0,12,2009-12-17T15:00:00Z
ECO09022739,5,2009,12,17,16,0,10,2009-12-17T16:00:00Z
ECO09022739,5,2009,12,17,17,0,8,2009-12-17T17:00:00Z
ECO09022739,5,2009,12,17,18,0,10,2009-12-17T18:00:00Z
ECO09022739,5,2009,12,17,19,0,11,2009-12-17T19:00:00Z
ECO09022739,5,2009,12,17,20,0,12,2009-12-17T20:00:00Z
ECO09022739,5,2009,12,17,21,0,5,2009-12-17T21:00:00Z
ECO09022739,5,2009,12,17,22,0,6,2009-12-17T22:00:00Z
ECO09022739,5,2009,12,17,23,0,1,2009-12-17T23:00:00Z
ECO09022739,5,2009,12,18,0,0,1,2009-12-18T00:00:00Z
ECO09022739,5,2009,12,18,1,0,1,2009-12-18T01:00:00Z
ECO09022739,5,2009,12,18,2,0,1,2009-12-18T02:00:00Z
ECO09022739,5,2009,12,18,3,0,1,2009-12-18T03:00:00Z
ECO09022739,5,2009,12,18,4,0,0,2009-12-18T04:00:00Z
ECO09022739,5,2009,12,18,5,0,0,2009-12-18T05:00:00Z
ECO09022739,5,2009,12,18,6,0,4,2009-12-18T06:00:00Z
ECO09022739,5,2009,12,18,7,0,12,2009-12-18T07:00:00Z
ECO09022739,5,2009,12,18,8,0,40,2009-12-18T08:00:00Z
ECO09022739,5,2009,12,18,9,0,43,2009-12-18T09:00:00Z
ECO09022739,5,2009,12,18,10,0,24,2009-12-18T10:00:00Z
ECO09022739,5,2009,12,18,11,0,18,2009-12-18T11:00:00Z
ECO09022739,5,2009,12,18,12,0,16,2009-12-18T12:00:00Z
ECO09022739,5,2009,12,18,13,0,9,2009-12-18T13:00:00Z
ECO09022739,5,2009,12,18,14,0,13,2009-12-18T14:00:00Z
ECO09022739,5,2009,12,18,15,0,10,2009-12-18T15:00:00Z
ECO09022739,5,2009,12,18,16,0,12,2009-12-18T16:00:00Z
ECO09022739,5,2009,12,18,17,0,9,2009-12-18T17:00:00Z
ECO09022739,5,2009,12,18,18,0,9,2009-12-18T18:00:00Z
ECO09022739,5,2009,12,18,19,0,8,2009-12-18T19:00:00Z
ECO09022739,5,2009,12,18,20,0,6,2009-12-18T20:00:00Z
ECO09022739,5,2009,12,18,21,0,5,2009-12-18T21:00:00Z
ECO09022739,5,2009,12,18,22,0,0,2009-12-18T22:00:00Z
ECO09022739,5,2009,12,18,23,0,3,2009-12-18T23:00:00Z
ECO09022739,5,2009,12,19,0,0,0,2009-12-19T00:00:00Z
ECO09022739,5,2009,12,19,1,0,0,2009-12-19T01:00:00Z
ECO09022739,5,2009,12,19,2,0,1,2009-12-19T02:00:00Z
ECO09022739,5,2009,12,19,3,0,0,2009-12-19T03:00:00Z
ECO09022739,5,2009,12,19,4,0,0,2009-12-19T04:00:00Z
ECO09022739,5,2009,12,19,5,0,0,2009-12-19T05:00:00Z
ECO09022739,5,2009,12,19,6,0,0,2009-12-19T06:00:00Z
ECO09022739,5,2009,12,19,7,0,0,2009-12-19T07:00:00Z
ECO09022739,5,2009,12,19,8,0,3,2009-12-19T08:00:00Z
ECO09022739,5,2009,12,19,9,0,4,2009-12-19T09:00:00Z
ECO09022739,5,2009,12,19,10,0,8,2009-12-19T10:00:00Z
ECO09022739,5,2009,12,19,11,0,11,2009-12-19T11:00:00Z
ECO09022739,5,2009,12,19,12,0,4,2009-12-19T12:00:00Z
ECO09022739,5,2009,12,19,13,0,4,2009-12-19T13:00:00Z
ECO09022739,5,2009,12,19,14,0,7,2009-12-19T14:00:00Z
ECO09022739,5,2009,12,19,15,0,3,2009-12-19T15:00:00Z
ECO09022739,5,2009,12,19,16,0,4,2009-12-19T16:00:00Z
ECO09022739,5,2009,12,19,17,0,2,2009-12-19T17:00:00Z
ECO09022739,5,2009,12,19,18,0,2,2009-12-19T18:00:00Z
ECO09022739,5,2009,12,19,19,0,0,2009-12-19T19:00:00Z
ECO09022739,5,2009,12,19,20,0,3,2009-12-19T20:00:00Z
ECO09022739,5,2009,12,19,21,0,1,2009-12-19T21:00:00Z
ECO09022739,5,2009,12,19,22,0,1,2009-12-19T22:00:00Z
ECO09022739,5,2009,12,19,23,0,1,2009-12-19T23:00:00Z
ECO09022739,5,2009,12,20,0,0,1,2009-12-20T00:00:00Z
ECO09022739,5,2009,12,20,1,0,1,2009-12-20T01:00:00Z
ECO09022739,5,2009,12,20,2,0,0,2009-12-20T02:00:00Z
ECO09022739,5,2009,12,20,3,0,0,2009-12-20T03:00:00Z
ECO09022739,5,2009,12,20,4,0,0,2009-12-20T04:00:00Z
ECO09022739,5,2009,12,20,5,0,0,2009-12-20T05:00:00Z
ECO09022739,5,2009,12,20,6,0,0,2009-12-20T06:00:00Z
ECO09022739,5,2009,12,20,7,0,1,2009-12-20T07:00:00Z
ECO09022739,5,2009,12,20,8,0,3,2009-12-20T08:00:00Z
ECO09022739,5,2009,12,20,9,0,3,2009-12-20T09:00:00Z
ECO09022739,5,2009,12,20,10,0,4,2009-12-20T10:00:00Z
ECO09022739,5,2009,12,20,11,0,5,2009-12-20T11:00:00Z
ECO09022739,5,2009,12,20,12,0,3,2009-12-20T12:00:00Z
ECO09022739,5,2009,12,20,13,0,6,2009-12-20T13:00:00Z
ECO09022739,5,2009,12,20,14,0,6,2009-12-20T14:00:00Z
ECO09022739,5,2009,12,20,15,0,3,2009-12-20T15:00:00Z
ECO09022739,5,2009,12,20,16,0,6,2009-12-20T16:00:00Z
ECO09022739,5,2009,12,20,17,0,3,2009-12-20T17:00:00Z
ECO09022739,5,2009,12,20,18,0,2,2009-12-20T18:00:00Z
ECO09022739,5,2009,12,20,19,0,1,2009-12-20T19:00:00Z
ECO09022739,5,2009,12,20,20,0,5,2009-12-20T20:00:00Z
ECO09022739,5,2009,12,20,21,0,0,2009-12-20T21:00:00Z
ECO09022739,5,2009,12,20,22,0,1,2009-12-20T22:00:00Z
ECO09022739,5,2009,12,20,23,0,2,2009-12-20T23:00:00Z
ECO09022739,5,2009,12,21,0,0,1,2009-12-21T00:00:00Z
ECO09022739,5,2009,12,21,1,0,0,2009-12-21T01:00:00Z
ECO09022739,5,2009,12,21,2,0,0,2009-12-21T02:00:00Z
ECO09022739,5,2009,12,21,3,0,0,2009-12-21T03:00:00Z
ECO09022739,5,2009,12,21,4,0,0,2009-12-21T04:00:00Z
ECO09022739,5,2009,12,21,5,0,0,2009-12-21T05:00:00Z
ECO09022739,5,2009,12,21,6,0,0,2009-12-21T06:00:00Z
ECO09022739,5,2009,12,21,7,0,7,2009-12-21T07:00:00Z
ECO09022739,5,2009,12,21,8,0,12,2009-12-21T08:00:00Z
ECO09022739,5,2009,12,21,9,0,11,2009-12-21T09:00:00Z
ECO09022739,5,2009,12,21,10,0,10,2009-12-21T10:00:00Z
ECO09022739,5,2009,12,21,11,0,3,2009-12-21T11:00:00Z
ECO09022739,5,2009,12,21,12,0,4,2009-12-21T12:00:00Z
ECO09022739,5,2009,12,21,13,0,2,2009-12-21T13:00:00Z
ECO09022739,5,2009,12,21,14,0,6,2009-12-21T14:00:00Z
ECO09022739,5,2009,12,21,15,0,5,2009-12-21T15:00:00Z
ECO09022739,5,2009,12,21,16,0,5,2009-12-21T16:00:00Z
ECO09022739,5,2009,12,21,17,0,4,2009-12-21T17:00:00Z
ECO09022739,5,2009,12,21,18,0,2,2009-12-21T18:00:00Z
ECO09022739,5,2009,12,21,19,0,8,2009-12-21T19:00:00Z
ECO09022739,5,2009,12,21,20,0,6,2009-12-21T20:00:00Z
ECO09022739,5,2009,12,21,21,0,3,2009-12-21T21:00:00Z
ECO09022739,5,2009,12,21,22,0,1,2009-12-21T22:00:00Z
ECO09022739,5,2009,12,21,23,0,3,2009-12-21T23:00:00Z
ECO09022739,5,2009,12,22,0,0,0,2009-12-22T00:00:00Z
ECO09022739,5,2009,12,22,1,0,0,2009-12-22T01:00:00Z
ECO09022739,5,2009,12,22,2,0,0,2009-12-22T02:00:00Z
ECO09022739,5,2009,12,22,3,0,0,2009-12-22T03:00:00Z
ECO09022739,5,2009,12,22,4,0,0,2009-12-22T04:00:00Z
ECO09022739,5,2009,12,22,5,0,0,2009-12-22T05:00:00Z
ECO09022739,5,2009,12,22,6,0,1,2009-12-22T06:00:00Z
ECO09022739,5,2009,12,22,7,0,4,2009-12-22T07:00:00Z
ECO09022739,5,2009,12,22,8,0,20,2009-12-22T08:00:00Z
ECO09022739,5,2009,12,22,9,0,27,2009-12-22T09:00:00Z
ECO09022739,5,2009,12,22,10,0,15,2009-12-22T10:00:00Z
ECO09022739,5,2009,12,22,11,0,17,2009-12-22T11:00:00Z
ECO09022739,5,2009,12,22,12,0,8,2009-12-22T12:00:00Z
ECO09022739,5,2009,12,22,13,0,5,2009-12-22T13:00:00Z
ECO09022739,5,2009,12,22,14,0,14,2009-12-22T14:00:00Z
ECO09022739,5,2009,12,22,15,0,12,2009-12-22T15:00:00Z
ECO09022739,5,2009,12,22,16,0,13,2009-12-22T16:00:00Z
ECO09022739,5,2009,12,22,17,0,10,2009-12-22T17:00:00Z
ECO09022739,5,2009,12,22,18,0,11,2009-12-22T18:00:00Z
ECO09022739,5,2009,12,22,19,0,7,2009-12-22T19:00:00Z
ECO09022739,5,2009,12,22,20,0,9,2009-12-22T20:00:00Z
ECO09022739,5,2009,12,22,21,0,2,2009-12-22T21:00:00Z
ECO09022739,5,2009,12,22,22,0,2,2009-12-22T22:00:00Z
ECO09022739,5,2009,12,22,23,0,1,2009-12-22T23:00:00Z
ECO09022739,5,2009,12,23,0,0,0,2009-12-23T00:00:00Z
ECO09022739,5,2009,12,23,1,0,2,2009-12-23T01:00:00Z
ECO09022739,5,2009,12,23,2,0,0,2009-12-23T02:00:00Z
ECO09022739,5,2009,12,23,3,0,0,2009-12-23T03:00:00Z
ECO09022739,5,2009,12,23,4,0,0,2009-12-23T04:00:00Z
ECO09022739,5,2009,12,23,5,0,0,2009-12-23T05:00:00Z
ECO09022739,5,2009,12,23,6,0,0,2009-12-23T06:00:00Z
ECO09022739,5,2009,12,23,7,0,7,2009-12-23T07:00:00Z
ECO09022739,5,2009,12,23,8,0,17,2009-12-23T08:00:00Z
ECO09022739,5,2009,12,23,9,0,20,2009-12-23T09:00:00Z
ECO09022739,5,2009,12,23,10,0,15,2009-12-23T10:00:00Z
ECO09022739,5,2009,12,23,11,0,8,2009-12-23T11:00:00Z
ECO09022739,5,2009,12,23,12,0,10,2009-12-23T12:00:00Z
ECO09022739,5,2009,12,23,13,0,10,2009-12-23T13:00:00Z
ECO09022739,5,2009,12,23,14,0,8,2009-12-23T14:00:00Z
ECO09022739,5,2009,12,23,15,0,13,2009-12-23T15:00:00Z
ECO09022739,5,2009,12,23,16,0,13,2009-12-23T16:00:00Z
ECO09022739,5,2009,12,23,17,0,9,2009-12-23T17:00:00Z
ECO09022739,5,2009,12,23,18,0,6,2009-12-23T18:00:00Z
ECO09022739,5,2009,12,23,19,0,13,2009-12-23T19:00:00Z
ECO09022739,5,2009,12,23,20,0,7,2009-12-23T20:00:00Z
ECO09022739,5,2009,12,23,21,0,2,2009-12-23T21:00:00Z
ECO09022739,5,2009,12,23,22,0,1,2009-12-23T22:00:00Z
ECO09022739,5,2009,12,23,23,0,1,2009-12-23T23:00:00Z
ECO09022739,5,2009,12,24,0,0,1,2009-12-24T00:00:00Z
ECO09022739,5,2009,12,24,1,0,0,2009-12-24T01:00:00Z
ECO09022739,5,2009,12,24,2,0,0,2009-12-24T02:00:00Z
ECO09022739,5,2009,12,24,3,0,0,2009-12-24T03:00:00Z
ECO09022739,5,2009,12,24,4,0,0,2009-12-24T04:00:00Z
ECO09022739,5,2009,12,24,5,0,0,2009-12-24T05:00:00Z
ECO09022739,5,2009,12,24,6,0,0,2009-12-24T06:00:00Z
ECO09022739,5,2009,12,24,7,0,3,2009-12-24T07:00:00Z
ECO09022739,5,2009,12,24,8,0,13,2009-12-24T08:00:00Z
ECO09022739,5,2009,12,24,9,0,13,2009-12-24T09:00:00Z
ECO09022739,5,2009,12,24,10,0,13,2009-12-24T10:00:00Z
ECO09022739,5,2009,12,24,11,0,11,2009-12-24T11:00:00Z
ECO09022739,5,2009,12,24,12,0,12,2009-12-24T12:00:00Z
ECO09022739,5,2009,12,24,13,0,3,2009-12-24T13:00:00Z
ECO09022739,5,2009,12,24,14,0,9,2009-12-24T14:00:00Z
ECO09022739,5,2009,12,24,15,0,10,2009-12-24T15:00:00Z
ECO09022739,5,2009,12,24,16,0,10,2009-12-24T16:00:00Z
ECO09022739,5,2009,12,24,17,0,3,2009-12-24T17:00:00Z
ECO09022739,5,2009,12,24,18,0,1,2009-12-24T18:00:00Z
ECO09022739,5,2009,12,24,19,0,2,2009-12-24T19:00:00Z
ECO09022739,5,2009,12,24,20,0,2,2009-12-24T20:00:00Z
ECO09022739,5,2009,12,24,21,0,2,2009-12-24T21:00:00Z
ECO09022739,5,2009,12,24,22,0,2,2009-12-24T22:00:00Z
ECO09022739,5,2009,12,24,23,0,0,2009-12-24T23:00:00Z
ECO09022739,5,2009,12,25,0,0,1,2009-12-25T00:00:00Z
ECO09022739,5,2009,12,25,1,0,0,2009-12-25T01:00:00Z
ECO09022739,5,2009,12,25,2,0,0,2009-12-25T02:00:00Z
ECO09022739,5,2009,12,25,3,0,1,2009-12-25T03:00:00Z
ECO09022739,5,2009,12,25,4,0,0,2009-12-25T04:00:00Z
ECO09022739,5,2009,12,25,5,0,0,2009-12-25T05:00:00Z
ECO09022739,5,2009,12,25,6,0,0,2009-12-25T06:00:00Z
ECO09022739,5,2009,12,25,7,0,2,2009-12-25T07:00:00Z
ECO09022739,5,2009,12,25,8,0,0,2009-12-25T08:00:00Z
ECO09022739,5,2009,12,25,9,0,0,2009-12-25T09:00:00Z
ECO09022739,5,2009,12,25,10,0,2,2009-12-25T10:00:00Z
ECO09022739,5,2009,12,25,11,0,2,2009-12-25T11:00:00Z
ECO09022739,5,2009,12,25,12,0,4,2009-12-25T12:00:00Z
ECO09022739,5,2009,12,25,13,0,6,2009-12-25T13:00:00Z
ECO09022739,5,2009,12,25,14,0,3,2009-12-25T14:00:00Z
ECO09022739,5,2009,12,25,15,0,4,2009-12-25T15:00:00Z
ECO09022739,5,2009,12,25,16,0,4,2009-12-25T16:00:00Z
ECO09022739,5,2009,12,25,17,0,4,2009-12-25T17:00:00Z
ECO09022739,5,2009,12,25,18,0,1,2009-12-25T18:00:00Z
ECO09022739,5,2009,12,25,19,0,3,2009-12-25T19:00:00Z
ECO09022739,5,2009,12,25,20,0,4,2009-12-25T20:00:00Z
ECO09022739,5,2009,12,25,21,0,4,2009-12-25T21:00:00Z
ECO09022739,5,2009,12,25,22,0,2,2009-12-25T22:00:00Z
ECO09022739,5,2009,12,25,23,0,2,2009-12-25T23:00:00Z
ECO09022739,5,2009,12,26,0,0,0,2009-12-26T00:00:00Z
ECO09022739,5,2009,12,26,1,0,0,2009-12-26T01:00:00Z
ECO09022739,5,2009,12,26,2,0,1,2009-12-26T02:00:00Z
ECO09022739,5,2009,12,26,3,0,0,2009-12-26T03:00:00Z
ECO09022739,5,2009,12,26,4,0,0,2009-12-26T04:00:00Z
ECO09022739,5,2009,12,26,5,0,1,2009-12-26T05:00:00Z
ECO09022739,5,2009,12,26,6,0,1,2009-12-26T06:00:00Z
ECO09022739,5,2009,12,26,7,0,1,2009-12-26T07:00:00Z
ECO09022739,5,2009,12,26,8,0,3,2009-12-26T08:00:00Z
ECO09022739,5,2009,12,26,9,0,2,2009-12-26T09:00:00Z
ECO09022739,5,2009,12,26,10,0,1,2009-12-26T10:00:00Z
ECO09022739,5,2009,12,26,11,0,10,2009-12-26T11:00:00Z
ECO09022739,5,2009,12,26,12,0,7,2009-12-26T12:00:00Z
ECO09022739,5,2009,12,26,13,0,6,2009-12-26T13:00:00Z
ECO09022739,5,2009,12,26,14,0,8,2009-12-26T14:00:00Z
ECO09022739,5,2009,12,26,15,0,12,2009-12-26T15:00:00Z
ECO09022739,5,2009,12,26,16,0,4,2009-12-26T16:00:00Z
ECO09022739,5,2009,12,26,17,0,4,2009-12-26T17:00:00Z
ECO09022739,5,2009,12,26,18,0,3,2009-12-26T18:00:00Z
ECO09022739,5,2009,12,26,19,0,1,2009-12-26T19:00:00Z
ECO09022739,5,2009,12,26,20,0,5,2009-12-26T20:00:00Z
ECO09022739,5,2009,12,26,21,0,2,2009-12-26T21:00:00Z
ECO09022739,5,2009,12,26,22,0,4,2009-12-26T22:00:00Z
ECO09022739,5,2009,12,26,23,0,1,2009-12-26T23:00:00Z
ECO09022739,5,2009,12,27,0,0,2,2009-12-27T00:00:00Z
ECO09022739,5,2009,12,27,1,0,0,2009-12-27T01:00:00Z
ECO09022739,5,2009,12,27,2,0,0,2009-12-27T02:00:00Z
ECO09022739,5,2009,12,27,3,0,1,2009-12-27T03:00:00Z
ECO09022739,5,2009,12,27,4,0,0,2009-12-27T04:00:00Z
ECO09022739,5,2009,12,27,5,0,0,2009-12-27T05:00:00Z
ECO09022739,5,2009,12,27,6,0,0,2009-12-27T06:00:00Z
ECO09022739,5,2009,12,27,7,0,0,2009-12-27T07:00:00Z
ECO09022739,5,2009,12,27,8,0,1,2009-12-27T08:00:00Z
ECO09022739,5,2009,12,27,9,0,2,2009-12-27T09:00:00Z
ECO09022739,5,2009,12,27,10,0,3,2009-12-27T10:00:00Z
ECO09022739,5,2009,12,27,11,0,9,2009-12-27T11:00:00Z
ECO09022739,5,2009,12,27,12,0,14,2009-12-27T12:00:00Z
ECO09022739,5,2009,12,27,13,0,9,2009-12-27T13:00:00Z
ECO09022739,5,2009,12,27,14,0,9,2009-12-27T14:00:00Z
ECO09022739,5,2009,12,27,15,0,9,2009-12-27T15:00:00Z
ECO09022739,5,2009,12,27,16,0,14,2009-12-27T16:00:00Z
ECO09022739,5,2009,12,27,17,0,4,2009-12-27T17:00:00Z
ECO09022739,5,2009,12,27,18,0,1,2009-12-27T18:00:00Z
ECO09022739,5,2009,12,27,19,0,2,2009-12-27T19:00:00Z
ECO09022739,5,2009,12,27,20,0,1,2009-12-27T20:00:00Z
ECO09022739,5,2009,12,27,21,0,0,2009-12-27T21:00:00Z
ECO09022739,5,2009,12,27,22,0,1,2009-12-27T22:00:00Z
ECO09022739,5,2009,12,27,23,0,1,2009-12-27T23:00:00Z
ECO09022739,5,2009,12,28,0,0,2,2009-12-28T00:00:00Z
ECO09022739,5,2009,12,28,1,0,1,2009-12-28T01:00:00Z
ECO09022739,5,2009,12,28,2,0,0,2009-12-28T02:00:00Z
ECO09022739,5,2009,12,28,3,0,0,2009-12-28T03:00:00Z
ECO09022739,5,2009,12,28,4,0,0,2009-12-28T04:00:00Z
ECO09022739,5,2009,12,28,5,0,0,2009-12-28T05:00:00Z
ECO09022739,5,2009,12,28,6,0,0,2009-12-28T06:00:00Z
ECO09022739,5,2009,12,28,7,0,8,2009-12-28T07:00:00Z
ECO09022739,5,2009,12,28,8,0,11,2009-12-28T08:00:00Z
ECO09022739,5,2009,12,28,9,0,17,2009-12-28T09:00:00Z
ECO09022739,5,2009,12,28,10,0,17,2009-12-28T10:00:00Z
ECO09022739,5,2009,12,28,11,0,10,2009-12-28T11:00:00Z
ECO09022739,5,2009,12,28,12,0,10,2009-12-28T12:00:00Z
ECO09022739,5,2009,12,28,13,0,9,2009-12-28T13:00:00Z
ECO09022739,5,2009,12,28,14,0,7,2009-12-28T14:00:00Z
ECO09022739,5,2009,12,28,15,0,16,2009-12-28T15:00:00Z
ECO09022739,5,2009,12,28,16,0,9,2009-12-28T16:00:00Z
ECO09022739,5,2009,12,28,17,0,10,2009-12-28T17:00:00Z
ECO09022739,5,2009,12,28,18,0,11,2009-12-28T18:00:00Z
ECO09022739,5,2009,12,28,19,0,5,2009-12-28T19:00:00Z
ECO09022739,5,2009,12,28,20,0,4,2009-12-28T20:00:00Z
ECO09022739,5,2009,12,28,21,0,1,2009-12-28T21:00:00Z
ECO09022739,5,2009,12,28,22,0,1,2009-12-28T22:00:00Z
ECO09022739,5,2009,12,28,23,0,3,2009-12-28T23:00:00Z
ECO09022739,5,2009,12,29,0,0,0,2009-12-29T00:00:00Z
ECO09022739,5,2009,12,29,1,0,0,2009-12-29T01:00:00Z
ECO09022739,5,2009,12,29,2,0,0,2009-12-29T02:00:00Z
ECO09022739,5,2009,12,29,3,0,1,2009-12-29T03:00:00Z
ECO09022739,5,2009,12,29,4,0,0,2009-12-29T04:00:00Z
ECO09022739,5,2009,12,29,5,0,0,2009-12-29T05:00:00Z
ECO09022739,5,2009,12,29,6,0,1,2009-12-29T06:00:00Z
ECO09022739,5,2009,12,29,7,0,5,2009-12-29T07:00:00Z
ECO09022739,5,2009,12,29,8,0,13,2009-12-29T08:00:00Z
ECO09022739,5,2009,12,29,9,0,13,2009-12-29T09:00:00Z
ECO09022739,5,2009,12,29,10,0,4,2009-12-29T10:00:00Z
ECO09022739,5,2009,12,29,11,0,3,2009-12-29T11:00:00Z
ECO09022739,5,2009,12,29,12,0,11,2009-12-29T12:00:00Z
ECO09022739,5,2009,12,29,13,0,8,2009-12-29T13:00:00Z
ECO09022739,5,2009,12,29,14,0,2,2009-12-29T14:00:00Z
ECO09022739,5,2009,12,29,15,0,6,2009-12-29T15:00:00Z
ECO09022739,5,2009,12,29,16,0,7,2009-12-29T16:00:00Z
ECO09022739,5,2009,12,29,17,0,3,2009-12-29T17:00:00Z
ECO09022739,5,2009,12,29,18,0,2,2009-12-29T18:00:00Z
ECO09022739,5,2009,12,29,19,0,0,2009-12-29T19:00:00Z
ECO09022739,5,2009,12,29,20,0,5,2009-12-29T20:00:00Z
ECO09022739,5,2009,12,29,21,0,2,2009-12-29T21:00:00Z
ECO09022739,5,2009,12,29,22,0,0,2009-12-29T22:00:00Z
ECO09022739,5,2009,12,29,23,0,1,2009-12-29T23:00:00Z
ECO09022739,5,2009,12,30,0,0,0,2009-12-30T00:00:00Z
ECO09022739,5,2009,12,30,1,0,0,2009-12-30T01:00:00Z
ECO09022739,5,2009,12,30,2,0,0,2009-12-30T02:00:00Z
ECO09022739,5,2009,12,30,3,0,0,2009-12-30T03:00:00Z
ECO09022739,5,2009,12,30,4,0,0,2009-12-30T04:00:00Z
ECO09022739,5,2009,12,30,5,0,0,2009-12-30T05:00:00Z
ECO09022739,5,2009,12,30,6,0,2,2009-12-30T06:00:00Z
ECO09022739,5,2009,12,30,7,0,6,2009-12-30T07:00:00Z
ECO09022739,5,2009,12,30,8,0,6,2009-12-30T08:00:00Z
ECO09022739,5,2009,12,30,9,0,13,2009-12-30T09:00:00Z
ECO09022739,5,2009,12,30,10,0,4,2009-12-30T10:00:00Z
ECO09022739,5,2009,12,30,11,0,11,2009-12-30T11:00:00Z
ECO09022739,5,2009,12,30,12,0,9,2009-12-30T12:00:00Z
ECO09022739,5,2009,12,30,13,0,8,2009-12-30T13:00:00Z
ECO09022739,5,2009,12,30,14,0,3,2009-12-30T14:00:00Z
ECO09022739,5,2009,12,30,15,0,7,2009-12-30T15:00:00Z
ECO09022739,5,2009,12,30,16,0,6,2009-12-30T16:00:00Z
ECO09022739,5,2009,12,30,17,0,5,2009-12-30T17:00:00Z
ECO09022739,5,2009,12,30,18,0,6,2009-12-30T18:00:00Z
ECO09022739,5,2009,12,30,19,0,3,2009-12-30T19:00:00Z
ECO09022739,5,2009,12,30,20,0,3,2009-12-30T20:00:00Z
ECO09022739,5,2009,12,30,21,0,3,2009-12-30T21:00:00Z
ECO09022739,5,2009,12,30,22,0,0,2009-12-30T22:00:00Z
ECO09022739,5,2009,12,30,23,0,0,2009-12-30T23:00:00Z
ECO09022739,5,2009,12,31,0,0,1,2009-12-31T00:00:00Z
ECO09022739,5,2009,12,31,1,0,0,2009-12-31T01:00:00Z
ECO09022739,5,2009,12,31,2,0,0,2009-12-31T02:00:00Z
ECO09022739,5,2009,12,31,3,0,0,2009-12-31T03:00:00Z
ECO09022739,5,2009,12,31,4,0,0,2009-12-31T04:00:00Z
ECO09022739,5,2009,12,31,5,0,0,2009-12-31T05:00:00Z
ECO09022739,5,2009,12,31,6,0,0,2009-12-31T06:00:00Z
ECO09022739,5,2009,12,31,7,0,3,2009-12-31T07:00:00Z
ECO09022739,5,2009,12,31,8,0,4,2009-12-31T08:00:00Z
ECO09022739,5,2009,12,31,9,0,4,2009-12-31T09:00:00Z
ECO09022739,5,2009,12,31,10,0,11,2009-12-31T10:00:00Z
ECO09022739,5,2009,12,31,11,0,9,2009-12-31T11:00:00Z
ECO09022739,5,2009,12,31,12,0,4,2009-12-31T12:00:00Z
ECO09022739,5,2009,12,31,13,0,7,2009-12-31T13:00:00Z
ECO09022739,5,2009,12,31,14,0,3,2009-12-31T14:00:00Z
ECO09022739,5,2009,12,31,15,0,0,2009-12-31T15:00:00Z
ECO09022739,5,2009,12,31,16,0,4,2009-12-31T16:00:00Z
ECO09022739,5,2009,12,31,17,0,4,2009-12-31T17:00:00Z
ECO09022739,5,2009,12,31,18,0,5,2009-12-31T18:00:00Z
ECO09022739,5,2009,12,31,19,0,7,2009-12-31T19:00:00Z
ECO09022739,5,2009,12,31,20,0,3,2009-12-31T20:00:00Z
ECO09022739,5,2009,12,31,21,0,3,2009-12-31T21:00:00Z
ECO09022739,5,2009,12,31,22,0,0,2009-12-31T22:00:00Z
ECO09022739,5,2009,12,31,23,0,4,2009-12-31T23:00:00Z
